ref,from,to,via,intermediates,opening-hours,exceptions,duration,intermediate-durations,frequency
1,Gitega,Kanyinya,,,Mo-Sa 05:40-18:20;Mo-Sa 18:50,,30,,10
2,Gitega,Kigali,,,Mo-Sa 05:40-18:20;Mo-Sa 18:50,,30,,10
3,Gitega,Kimisagara,,,Mo-Sa 05:40-18:20;Mo-Sa 18:50,,30,,10
4,Gitega,Mageregere,,,Mo-Sa 05:40-18:20;Mo-Sa 18:50,,30,,10
5,Gitega,Muhima,,,Mo-Sa 05:40-18:20;Mo-Sa 18:50,,30,,10
6,Gitega,Nyakabanda,,,Mo-Sa 05:40-18:20;Mo-Sa 18:50,,30,,10
7,Gitega,Nyamirambo,,,Mo-Sa 05:40-18:20;Mo-Sa 18:50,,30,,10
8,Gitega,Nyarugenge,,,Mo-Sa 05:40-18:20;Mo-Sa 18:50,,30,,10
9,Gitega,Rwezamenyo,,,Mo-Sa 05:40-18:20;Mo-Sa 18:50,,30,,10
10,Gitega,Bumbogo,,,Mo-Sa 05:40-18:20;Mo-Sa 18:50,,30,,10
11,Gitega,Gatsata,,,Mo-Sa 05:40-18:20;Mo-Sa 18:50,,30,,10
12,Gitega,Gikomero,,,Mo-Sa 05:40-18:20;Mo-Sa 18:50,,30,,10
13,Gitega,Gisozi,,,Mo-Sa 05:40-18:20;Mo-Sa 18:50,,30,,10
14,Gitega,Jabana,,,Mo-Sa 05:40-18:20;Mo-Sa 18:50,,30,,10
15,Gitega,Jali,,,Mo-Sa 05:40-18:20;Mo-Sa 18:50,,30,,10
16,Gitega,Kacyiru,,,Mo-Sa 05:40-18:20;Mo-Sa 18:50,,30,,10
17,Gitega,Kimihurura,,,Mo-Sa 05:40-18:20;Mo-Sa 18:50,,30,,10
18,Gitega,Kimironko,,,Mo-Sa 05:40-18:20;Mo-Sa 18:50,,30,,10
19,Gitega,Kinyinya,,,Mo-Sa 05:40-18:20;Mo-Sa 18:50,,30,,10
20,Gitega,Ndera,,,Mo-Sa 05:40-18:20;Mo-Sa 18:50,,30,,10
21,Gitega,Nduba,,,Mo-Sa 05:40-18:20;Mo-Sa 18:50,,30,,10
22,Gitega,Remera,,,Mo-Sa 05:40-18:20;Mo-Sa 18:50,,30,,10
23,Gitega,Rusororo,,,Mo-Sa 05:40-18:20;Mo-Sa 18:50,,30,,10
24,Gitega,Rutunga,,,Mo-Sa 05:40-18:20;Mo-Sa 18:50,,30,,10
25,Gitega,Gahanga,,,Mo-Sa 05:40-18:20;Mo-Sa 18:50,,30,,10
26,Gitega,Gatenga,,,Mo-Sa 05:40-18:20;Mo-Sa 18:50,,30,,10
27,Gitega,Gikondo,,,Mo-Sa 05:40-18:20;Mo-Sa 18:50,,30,,10
28,Gitega,Kagarama,,,Mo-Sa 05:40-18:20;Mo-Sa 18:50,,30,,10
29,Gitega,Kanombe,,,Mo-Sa 05:40-18:20;Mo-Sa 18:50,,30,,10
30,Gitega,Kicukiro,,,Mo-Sa 05:40-18:20;Mo-Sa 18:50,,30,,10
31,Gitega,Kigarama,,,Mo-Sa 05:40-18:20;Mo-Sa 18:50,,30,,10
32,Gitega,Masaka,,,Mo-Sa 05:40-18:20;Mo-Sa 18:50,,30,,10
33,Gitega,Niboye,,,Mo-Sa 05:40-18:20;Mo-Sa 18:50,,30,,10
34,Gitega,Nyarugunga,,,Mo-Sa 05:40-18:20;Mo-Sa 18:50,,30,,10
35,Kanyinya,Gitega,,,Mo-Sa 05:40-18:20;Mo-Sa 18:50,,30,,10
36,Kanyinya,Kigali,,,Mo-Sa 05:40-18:20;Mo-Sa 18:50,,30,,10
37,Kanyinya,Kimisagara,,,Mo-Sa 05:40-18:20;Mo-Sa 18:50,,30,,10
38,Kanyinya,Mageregere,,,Mo-Sa 05:40-18:20;Mo-Sa 18:50,,30,,10
39,Kanyinya,Muhima,,,Mo-Sa 05:40-18:20;Mo-Sa 18:50,,30,,10
40,Kanyinya,Nyakabanda,,,Mo-Sa 05:40-18:20;Mo-Sa 18:50,,30,,10
41,Kanyinya,Nyamirambo,,,Mo-Sa 05:40-18:20;Mo-Sa 18:50,,30,,10
42,Kanyinya,Nyarugenge,,,Mo-Sa 05:40-18:20;Mo-Sa 18:50,,30,,10
43,Kanyinya,Rwezamenyo,,,Mo-Sa 05:40-18:20;Mo-Sa 18:50,,30,,10
44,Kanyinya,Bumbogo,,,Mo-Sa 05:40-18:20;Mo-Sa 18:50,,30,,10
45,Kanyinya,Gatsata,,,Mo-Sa 05:40-18:20;Mo-Sa 18:50,,30,,10
46,Kanyinya,Gikomero,,,Mo-Sa 05:40-18:20;Mo-Sa 18:50,,30,,10
47,Kanyinya,Gisozi,,,Mo-Sa 05:40-18:20;Mo-Sa 18:50,,30,,10
48,Kanyinya,Jabana,,,Mo-Sa 05:40-18:20;Mo-Sa 18:50,,30,,10
49,Kanyinya,Jali,,,Mo-Sa 05:40-18:20;Mo-Sa 18:50,,30,,10
50,Kanyinya,Kacyiru,,,Mo-Sa 05:40-18:20;Mo-Sa 18:50,,30,,10
51,Kanyinya,Kimihurura,,,Mo-Sa 05:40-18:20;Mo-Sa 18:50,,30,,10
52,Kanyinya,Kimironko,,,Mo-Sa 05:40-18:20;Mo-Sa 18:50,,30,,10
53,Kanyinya,Kinyinya,,,Mo-Sa 05:40-18:20;Mo-Sa 18:50,,30,,10
54,Kanyinya,Ndera,,,Mo-Sa 05:40-18:20;Mo-Sa 18:50,,30,,10
55,Kanyinya,Nduba,,,Mo-Sa 05:40-18:20;Mo-Sa 18:50,,30,,10
56,Kanyinya,Remera,,,Mo-Sa 05:40-18:20;Mo-Sa 18:50,,30,,10
57,Kanyinya,Rusororo,,,Mo-Sa 05:40-18:20;Mo-Sa 18:50,,30,,10
58,Kanyinya,Rutunga,,,Mo-Sa 05:40-18:20;Mo-Sa 18:50,,30,,10
59,Kanyinya,Gahanga,,,Mo-Sa 05:40-18:20;Mo-Sa 18:50,,30,,10
60,Kanyinya,Gatenga,,,Mo-Sa 05:40-18:20;Mo-Sa 18:50,,30,,10
61,Kanyinya,Gikondo,,,Mo-Sa 05:40-18:20;Mo-Sa 18:50,,30,,10
62,Kanyinya,Kagarama,,,Mo-Sa 05:40-18:20;Mo-Sa 18:50,,30,,10
63,Kanyinya,Kanombe,,,Mo-Sa 05:40-18:20;Mo-Sa 18:50,,30,,10
64,Kanyinya,Kicukiro,,,Mo-Sa 05:40-18:20;Mo-Sa 18:50,,30,,10
65,Kanyinya,Kigarama,,,Mo-Sa 05:40-18:20;Mo-Sa 18:50,,30,,10
66,Kanyinya,Masaka,,,Mo-Sa 05:40-18:20;Mo-Sa 18:50,,30,,10
67,Kanyinya,Niboye,,,Mo-Sa 05:40-18:20;Mo-Sa 18:50,,30,,10
68,Kanyinya,Nyarugunga,,,Mo-Sa 05:40-18:20;Mo-Sa 18:50,,30,,10
69,Kigali,Gitega,,,Mo-Sa 05:40-18:20;Mo-Sa 18:50,,30,,10
70,Kigali,Kanyinya,,,Mo-Sa 05:40-18:20;Mo-Sa 18:50,,30,,10
71,Kigali,Kimisagara,,,Mo-Sa 05:40-18:20;Mo-Sa 18:50,,30,,10
72,Kigali,Mageregere,,,Mo-Sa 05:40-18:20;Mo-Sa 18:50,,30,,10
73,Kigali,Muhima,,,Mo-Sa 05:40-18:20;Mo-Sa 18:50,,30,,10
74,Kigali,Nyakabanda,,,Mo-Sa 05:40-18:20;Mo-Sa 18:50,,30,,10
75,Kigali,Nyamirambo,,,Mo-Sa 05:40-18:20;Mo-Sa 18:50,,30,,10
76,Kigali,Nyarugenge,,,Mo-Sa 05:40-18:20;Mo-Sa 18:50,,30,,10
77,Kigali,Rwezamenyo,,,Mo-Sa 05:40-18:20;Mo-Sa 18:50,,30,,10
78,Kigali,Bumbogo,,,Mo-Sa 05:40-18:20;Mo-Sa 18:50,,30,,10
79,Kigali,Gatsata,,,Mo-Sa 05:40-18:20;Mo-Sa 18:50,,30,,10
80,Kigali,Gikomero,,,Mo-Sa 05:40-18:20;Mo-Sa 18:50,,30,,10
81,Kigali,Gisozi,,,Mo-Sa 05:40-18:20;Mo-Sa 18:50,,30,,10
82,Kigali,Jabana,,,Mo-Sa 05:40-18:20;Mo-Sa 18:50,,30,,10
83,Kigali,Jali,,,Mo-Sa 05:40-18:20;Mo-Sa 18:50,,30,,10
84,Kigali,Kacyiru,,,Mo-Sa 05:40-18:20;Mo-Sa 18:50,,30,,10
85,Kigali,Kimihurura,,,Mo-Sa 05:40-18:20;Mo-Sa 18:50,,30,,10
86,Kigali,Kimironko,,,Mo-Sa 05:40-18:20;Mo-Sa 18:50,,30,,10
87,Kigali,Kinyinya,,,Mo-Sa 05:40-18:20;Mo-Sa 18:50,,30,,10
88,Kigali,Ndera,,,Mo-Sa 05:40-18:20;Mo-Sa 18:50,,30,,10
89,Kigali,Nduba,,,Mo-Sa 05:40-18:20;Mo-Sa 18:50,,30,,10
90,Kigali,Remera,,,Mo-Sa 05:40-18:20;Mo-Sa 18:50,,30,,10
91,Kigali,Rusororo,,,Mo-Sa 05:40-18:20;Mo-Sa 18:50,,30,,10
92,Kigali,Rutunga,,,Mo-Sa 05:40-18:20;Mo-Sa 18:50,,30,,10
93,Kigali,Gahanga,,,Mo-Sa 05:40-18:20;Mo-Sa 18:50,,30,,10
94,Kigali,Gatenga,,,Mo-Sa 05:40-18:20;Mo-Sa 18:50,,30,,10
95,Kigali,Gikondo,,,Mo-Sa 05:40-18:20;Mo-Sa 18:50,,30,,10
96,Kigali,Kagarama,,,Mo-Sa 05:40-18:20;Mo-Sa 18:50,,30,,10
97,Kigali,Kanombe,,,Mo-Sa 05:40-18:20;Mo-Sa 18:50,,30,,10
98,Kigali,Kicukiro,,,Mo-Sa 05:40-18:20;Mo-Sa 18:50,,30,,10
99,Kigali,Kigarama,,,Mo-Sa 05:40-18:20;Mo-Sa 18:50,,30,,10
100,Kigali,Masaka,,,Mo-Sa 05:40-18:20;Mo-Sa 18:50,,30,,10
101,Kigali,Niboye,,,Mo-Sa 05:40-18:20;Mo-Sa 18:50,,30,,10
102,Kigali,Nyarugunga,,,Mo-Sa 05:40-18:20;Mo-Sa 18:50,,30,,10
103,Kimisagara,Gitega,,,Mo-Sa 05:40-18:20;Mo-Sa 18:50,,30,,10
104,Kimisagara,Kanyinya,,,Mo-Sa 05:40-18:20;Mo-Sa 18:50,,30,,10
105,Kimisagara,Kigali,,,Mo-Sa 05:40-18:20;Mo-Sa 18:50,,30,,10
106,Kimisagara,Mageregere,,,Mo-Sa 05:40-18:20;Mo-Sa 18:50,,30,,10
107,Kimisagara,Muhima,,,Mo-Sa 05:40-18:20;Mo-Sa 18:50,,30,,10
108,Kimisagara,Nyakabanda,,,Mo-Sa 05:40-18:20;Mo-Sa 18:50,,30,,10
109,Kimisagara,Nyamirambo,,,Mo-Sa 05:40-18:20;Mo-Sa 18:50,,30,,10
110,Kimisagara,Nyarugenge,,,Mo-Sa 05:40-18:20;Mo-Sa 18:50,,30,,10
111,Kimisagara,Rwezamenyo,,,Mo-Sa 05:40-18:20;Mo-Sa 18:50,,30,,10
112,Kimisagara,Bumbogo,,,Mo-Sa 05:40-18:20;Mo-Sa 18:50,,30,,10
113,Kimisagara,Gatsata,,,Mo-Sa 05:40-18:20;Mo-Sa 18:50,,30,,10
114,Kimisagara,Gikomero,,,Mo-Sa 05:40-18:20;Mo-Sa 18:50,,30,,10
115,Kimisagara,Gisozi,,,Mo-Sa 05:40-18:20;Mo-Sa 18:50,,30,,10
116,Kimisagara,Jabana,,,Mo-Sa 05:40-18:20;Mo-Sa 18:50,,30,,10
117,Kimisagara,Jali,,,Mo-Sa 05:40-18:20;Mo-Sa 18:50,,30,,10
118,Kimisagara,Kacyiru,,,Mo-Sa 05:40-18:20;Mo-Sa 18:50,,30,,10
119,Kimisagara,Kimihurura,,,Mo-Sa 05:40-18:20;Mo-Sa 18:50,,30,,10
120,Kimisagara,Kimironko,,,Mo-Sa 05:40-18:20;Mo-Sa 18:50,,30,,10
121,Kimisagara,Kinyinya,,,Mo-Sa 05:40-18:20;Mo-Sa 18:50,,30,,10
122,Kimisagara,Ndera,,,Mo-Sa 05:40-18:20;Mo-Sa 18:50,,30,,10
123,Kimisagara,Nduba,,,Mo-Sa 05:40-18:20;Mo-Sa 18:50,,30,,10
124,Kimisagara,Remera,,,Mo-Sa 05:40-18:20;Mo-Sa 18:50,,30,,10
125,Kimisagara,Rusororo,,,Mo-Sa 05:40-18:20;Mo-Sa 18:50,,30,,10
126,Kimisagara,Rutunga,,,Mo-Sa 05:40-18:20;Mo-Sa 18:50,,30,,10
127,Kimisagara,Gahanga,,,Mo-Sa 05:40-18:20;Mo-Sa 18:50,,30,,10
128,Kimisagara,Gatenga,,,Mo-Sa 05:40-18:20;Mo-Sa 18:50,,30,,10
129,Kimisagara,Gikondo,,,Mo-Sa 05:40-18:20;Mo-Sa 18:50,,30,,10
130,Kimisagara,Kagarama,,,Mo-Sa 05:40-18:20;Mo-Sa 18:50,,30,,10
131,Kimisagara,Kanombe,,,Mo-Sa 05:40-18:20;Mo-Sa 18:50,,30,,10
132,Kimisagara,Kicukiro,,,Mo-Sa 05:40-18:20;Mo-Sa 18:50,,30,,10
133,Kimisagara,Kigarama,,,Mo-Sa 05:40-18:20;Mo-Sa 18:50,,30,,10
134,Kimisagara,Masaka,,,Mo-Sa 05:40-18:20;Mo-Sa 18:50,,30,,10
135,Kimisagara,Niboye,,,Mo-Sa 05:40-18:20;Mo-Sa 18:50,,30,,10
136,Kimisagara,Nyarugunga,,,Mo-Sa 05:40-18:20;Mo-Sa 18:50,,30,,10
137,Mageregere,Gitega,,,Mo-Sa 05:40-18:20;Mo-Sa 18:50,,30,,10
138,Mageregere,Kanyinya,,,Mo-Sa 05:40-18:20;Mo-Sa 18:50,,30,,10
139,Mageregere,Kigali,,,Mo-Sa 05:40-18:20;Mo-Sa 18:50,,30,,10
140,Mageregere,Kimisagara,,,Mo-Sa 05:40-18:20;Mo-Sa 18:50,,30,,10
141,Mageregere,Muhima,,,Mo-Sa 05:40-18:20;Mo-Sa 18:50,,30,,10
142,Mageregere,Nyakabanda,,,Mo-Sa 05:40-18:20;Mo-Sa 18:50,,30,,10
143,Mageregere,Nyamirambo,,,Mo-Sa 05:40-18:20;Mo-Sa 18:50,,30,,10
144,Mageregere,Nyarugenge,,,Mo-Sa 05:40-18:20;Mo-Sa 18:50,,30,,10
145,Mageregere,Rwezamenyo,,,Mo-Sa 05:40-18:20;Mo-Sa 18:50,,30,,10
146,Mageregere,Bumbogo,,,Mo-Sa 05:40-18:20;Mo-Sa 18:50,,30,,10
147,Mageregere,Gatsata,,,Mo-Sa 05:40-18:20;Mo-Sa 18:50,,30,,10
148,Mageregere,Gikomero,,,Mo-Sa 05:40-18:20;Mo-Sa 18:50,,30,,10
149,Mageregere,Gisozi,,,Mo-Sa 05:40-18:20;Mo-Sa 18:50,,30,,10
150,Mageregere,Jabana,,,Mo-Sa 05:40-18:20;Mo-Sa 18:50,,30,,10
151,Mageregere,Jali,,,Mo-Sa 05:40-18:20;Mo-Sa 18:50,,30,,10
152,Mageregere,Kacyiru,,,Mo-Sa 05:40-18:20;Mo-Sa 18:50,,30,,10
153,Mageregere,Kimihurura,,,Mo-Sa 05:40-18:20;Mo-Sa 18:50,,30,,10
154,Mageregere,Kimironko,,,Mo-Sa 05:40-18:20;Mo-Sa 18:50,,30,,10
155,Mageregere,Kinyinya,,,Mo-Sa 05:40-18:20;Mo-Sa 18:50,,30,,10
156,Mageregere,Ndera,,,Mo-Sa 05:40-18:20;Mo-Sa 18:50,,30,,10
157,Mageregere,Nduba,,,Mo-Sa 05:40-18:20;Mo-Sa 18:50,,30,,10
158,Mageregere,Remera,,,Mo-Sa 05:40-18:20;Mo-Sa 18:50,,30,,10
159,Mageregere,Rusororo,,,Mo-Sa 05:40-18:20;Mo-Sa 18:50,,30,,10
160,Mageregere,Rutunga,,,Mo-Sa 05:40-18:20;Mo-Sa 18:50,,30,,10
161,Mageregere,Gahanga,,,Mo-Sa 05:40-18:20;Mo-Sa 18:50,,30,,10
162,Mageregere,Gatenga,,,Mo-Sa 05:40-18:20;Mo-Sa 18:50,,30,,10
163,Mageregere,Gikondo,,,Mo-Sa 05:40-18:20;Mo-Sa 18:50,,30,,10
164,Mageregere,Kagarama,,,Mo-Sa 05:40-18:20;Mo-Sa 18:50,,30,,10
165,Mageregere,Kanombe,,,Mo-Sa 05:40-18:20;Mo-Sa 18:50,,30,,10
166,Mageregere,Kicukiro,,,Mo-Sa 05:40-18:20;Mo-Sa 18:50,,30,,10
167,Mageregere,Kigarama,,,Mo-Sa 05:40-18:20;Mo-Sa 18:50,,30,,10
168,Mageregere,Masaka,,,Mo-Sa 05:40-18:20;Mo-Sa 18:50,,30,,10
169,Mageregere,Niboye,,,Mo-Sa 05:40-18:20;Mo-Sa 18:50,,30,,10
170,Mageregere,Nyarugunga,,,Mo-Sa 05:40-18:20;Mo-Sa 18:50,,30,,10
171,Muhima,Gitega,,,Mo-Sa 05:40-18:20;Mo-Sa 18:50,,30,,10
172,Muhima,Kanyinya,,,Mo-Sa 05:40-18:20;Mo-Sa 18:50,,30,,10
173,Muhima,Kigali,,,Mo-Sa 05:40-18:20;Mo-Sa 18:50,,30,,10
174,Muhima,Kimisagara,,,Mo-Sa 05:40-18:20;Mo-Sa 18:50,,30,,10
175,Muhima,Mageregere,,,Mo-Sa 05:40-18:20;Mo-Sa 18:50,,30,,10
176,Muhima,Nyakabanda,,,Mo-Sa 05:40-18:20;Mo-Sa 18:50,,30,,10
177,Muhima,Nyamirambo,,,Mo-Sa 05:40-18:20;Mo-Sa 18:50,,30,,10
178,Muhima,Nyarugenge,,,Mo-Sa 05:40-18:20;Mo-Sa 18:50,,30,,10
179,Muhima,Rwezamenyo,,,Mo-Sa 05:40-18:20;Mo-Sa 18:50,,30,,10
180,Muhima,Bumbogo,,,Mo-Sa 05:40-18:20;Mo-Sa 18:50,,30,,10
181,Muhima,Gatsata,,,Mo-Sa 05:40-18:20;Mo-Sa 18:50,,30,,10
182,Muhima,Gikomero,,,Mo-Sa 05:40-18:20;Mo-Sa 18:50,,30,,10
183,Muhima,Gisozi,,,Mo-Sa 05:40-18:20;Mo-Sa 18:50,,30,,10
184,Muhima,Jabana,,,Mo-Sa 05:40-18:20;Mo-Sa 18:50,,30,,10
185,Muhima,Jali,,,Mo-Sa 05:40-18:20;Mo-Sa 18:50,,30,,10
186,Muhima,Kacyiru,,,Mo-Sa 05:40-18:20;Mo-Sa 18:50,,30,,10
187,Muhima,Kimihurura,,,Mo-Sa 05:40-18:20;Mo-Sa 18:50,,30,,10
188,Muhima,Kimironko,,,Mo-Sa 05:40-18:20;Mo-Sa 18:50,,30,,10
189,Muhima,Kinyinya,,,Mo-Sa 05:40-18:20;Mo-Sa 18:50,,30,,10
190,Muhima,Ndera,,,Mo-Sa 05:40-18:20;Mo-Sa 18:50,,30,,10
191,Muhima,Nduba,,,Mo-Sa 05:40-18:20;Mo-Sa 18:50,,30,,10
192,Muhima,Remera,,,Mo-Sa 05:40-18:20;Mo-Sa 18:50,,30,,10
193,Muhima,Rusororo,,,Mo-Sa 05:40-18:20;Mo-Sa 18:50,,30,,10
194,Muhima,Rutunga,,,Mo-Sa 05:40-18:20;Mo-Sa 18:50,,30,,10
195,Muhima,Gahanga,,,Mo-Sa 05:40-18:20;Mo-Sa 18:50,,30,,10
196,Muhima,Gatenga,,,Mo-Sa 05:40-18:20;Mo-Sa 18:50,,30,,10
197,Muhima,Gikondo,,,Mo-Sa 05:40-18:20;Mo-Sa 18:50,,30,,10
198,Muhima,Kagarama,,,Mo-Sa 05:40-18:20;Mo-Sa 18:50,,30,,10
199,Muhima,Kanombe,,,Mo-Sa 05:40-18:20;Mo-Sa 18:50,,30,,10
200,Muhima,Kicukiro,,,Mo-Sa 05:40-18:20;Mo-Sa 18:50,,30,,10
201,Muhima,Kigarama,,,Mo-Sa 05:40-18:20;Mo-Sa 18:50,,30,,10
202,Muhima,Masaka,,,Mo-Sa 05:40-18:20;Mo-Sa 18:50,,30,,10
203,Muhima,Niboye,,,Mo-Sa 05:40-18:20;Mo-Sa 18:50,,30,,10
204,Muhima,Nyarugunga,,,Mo-Sa 05:40-18:20;Mo-Sa 18:50,,30,,10
205,Nyakabanda,Gitega,,,Mo-Sa 05:40-18:20;Mo-Sa 18:50,,30,,10
206,Nyakabanda,Kanyinya,,,Mo-Sa 05:40-18:20;Mo-Sa 18:50,,30,,10
207,Nyakabanda,Kigali,,,Mo-Sa 05:40-18:20;Mo-Sa 18:50,,30,,10
208,Nyakabanda,Kimisagara,,,Mo-Sa 05:40-18:20;Mo-Sa 18:50,,30,,10
209,Nyakabanda,Mageregere,,,Mo-Sa 05:40-18:20;Mo-Sa 18:50,,30,,10
210,Nyakabanda,Muhima,,,Mo-Sa 05:40-18:20;Mo-Sa 18:50,,30,,10
211,Nyakabanda,Nyamirambo,,,Mo-Sa 05:40-18:20;Mo-Sa 18:50,,30,,10
212,Nyakabanda,Nyarugenge,,,Mo-Sa 05:40-18:20;Mo-Sa 18:50,,30,,10
213,Nyakabanda,Rwezamenyo,,,Mo-Sa 05:40-18:20;Mo-Sa 18:50,,30,,10
214,Nyakabanda,Bumbogo,,,Mo-Sa 05:40-18:20;Mo-Sa 18:50,,30,,10
215,Nyakabanda,Gatsata,,,Mo-Sa 05:40-18:20;Mo-Sa 18:50,,30,,10
216,Nyakabanda,Gikomero,,,Mo-Sa 05:40-18:20;Mo-Sa 18:50,,30,,10
217,Nyakabanda,Gisozi,,,Mo-Sa 05:40-18:20;Mo-Sa 18:50,,30,,10
218,Nyakabanda,Jabana,,,Mo-Sa 05:40-18:20;Mo-Sa 18:50,,30,,10
219,Nyakabanda,Jali,,,Mo-Sa 05:40-18:20;Mo-Sa 18:50,,30,,10
220,Nyakabanda,Kacyiru,,,Mo-Sa 05:40-18:20;Mo-Sa 18:50,,30,,10
221,Nyakabanda,Kimihurura,,,Mo-Sa 05:40-18:20;Mo-Sa 18:50,,30,,10
222,Nyakabanda,Kimironko,,,Mo-Sa 05:40-18:20;Mo-Sa 18:50,,30,,10
223,Nyakabanda,Kinyinya,,,Mo-Sa 05:40-18:20;Mo-Sa 18:50,,30,,10
224,Nyakabanda,Ndera,,,Mo-Sa 05:40-18:20;Mo-Sa 18:50,,30,,10
225,Nyakabanda,Nduba,,,Mo-Sa 05:40-18:20;Mo-Sa 18:50,,30,,10
226,Nyakabanda,Remera,,,Mo-Sa 05:40-18:20;Mo-Sa 18:50,,30,,10
227,Nyakabanda,Rusororo,,,Mo-Sa 05:40-18:20;Mo-Sa 18:50,,30,,10
228,Nyakabanda,Rutunga,,,Mo-Sa 05:40-18:20;Mo-Sa 18:50,,30,,10
229,Nyakabanda,Gahanga,,,Mo-Sa 05:40-18:20;Mo-Sa 18:50,,30,,10
230,Nyakabanda,Gatenga,,,Mo-Sa 05:40-18:20;Mo-Sa 18:50,,30,,10
231,Nyakabanda,Gikondo,,,Mo-Sa 05:40-18:20;Mo-Sa 18:50,,30,,10
232,Nyakabanda,Kagarama,,,Mo-Sa 05:40-18:20;Mo-Sa 18:50,,30,,10
233,Nyakabanda,Kanombe,,,Mo-Sa 05:40-18:20;Mo-Sa 18:50,,30,,10
234,Nyakabanda,Kicukiro,,,Mo-Sa 05:40-18:20;Mo-Sa 18:50,,30,,10
235,Nyakabanda,Kigarama,,,Mo-Sa 05:40-18:20;Mo-Sa 18:50,,30,,10
236,Nyakabanda,Masaka,,,Mo-Sa 05:40-18:20;Mo-Sa 18:50,,30,,10
237,Nyakabanda,Niboye,,,Mo-Sa 05:40-18:20;Mo-Sa 18:50,,30,,10
238,Nyakabanda,Nyarugunga,,,Mo-Sa 05:40-18:20;Mo-Sa 18:50,,30,,10
239,Nyamirambo,Gitega,,,Mo-Sa 05:40-18:20;Mo-Sa 18:50,,30,,10
240,Nyamirambo,Kanyinya,,,Mo-Sa 05:40-18:20;Mo-Sa 18:50,,30,,10
241,Nyamirambo,Kigali,,,Mo-Sa 05:40-18:20;Mo-Sa 18:50,,30,,10
242,Nyamirambo,Kimisagara,,,Mo-Sa 05:40-18:20;Mo-Sa 18:50,,30,,10
243,Nyamirambo,Mageregere,,,Mo-Sa 05:40-18:20;Mo-Sa 18:50,,30,,10
244,Nyamirambo,Muhima,,,Mo-Sa 05:40-18:20;Mo-Sa 18:50,,30,,10
245,Nyamirambo,Nyakabanda,,,Mo-Sa 05:40-18:20;Mo-Sa 18:50,,30,,10
246,Nyamirambo,Nyarugenge,,,Mo-Sa 05:40-18:20;Mo-Sa 18:50,,30,,10
247,Nyamirambo,Rwezamenyo,,,Mo-Sa 05:40-18:20;Mo-Sa 18:50,,30,,10
248,Nyamirambo,Bumbogo,,,Mo-Sa 05:40-18:20;Mo-Sa 18:50,,30,,10
249,Nyamirambo,Gatsata,,,Mo-Sa 05:40-18:20;Mo-Sa 18:50,,30,,10
250,Nyamirambo,Gikomero,,,Mo-Sa 05:40-18:20;Mo-Sa 18:50,,30,,10
251,Nyamirambo,Gisozi,,,Mo-Sa 05:40-18:20;Mo-Sa 18:50,,30,,10
252,Nyamirambo,Jabana,,,Mo-Sa 05:40-18:20;Mo-Sa 18:50,,30,,10
253,Nyamirambo,Jali,,,Mo-Sa 05:40-18:20;Mo-Sa 18:50,,30,,10
254,Nyamirambo,Kacyiru,,,Mo-Sa 05:40-18:20;Mo-Sa 18:50,,30,,10
255,Nyamirambo,Kimihurura,,,Mo-Sa 05:40-18:20;Mo-Sa 18:50,,30,,10
256,Nyamirambo,Kimironko,,,Mo-Sa 05:40-18:20;Mo-Sa 18:50,,30,,10
257,Nyamirambo,Kinyinya,,,Mo-Sa 05:40-18:20;Mo-Sa 18:50,,30,,10
258,Nyamirambo,Ndera,,,Mo-Sa 05:40-18:20;Mo-Sa 18:50,,30,,10
259,Nyamirambo,Nduba,,,Mo-Sa 05:40-18:20;Mo-Sa 18:50,,30,,10
260,Nyamirambo,Remera,,,Mo-Sa 05:40-18:20;Mo-Sa 18:50,,30,,10
261,Nyamirambo,Rusororo,,,Mo-Sa 05:40-18:20;Mo-Sa 18:50,,30,,10
262,Nyamirambo,Rutunga,,,Mo-Sa 05:40-18:20;Mo-Sa 18:50,,30,,10
263,Nyamirambo,Gahanga,,,Mo-Sa 05:40-18:20;Mo-Sa 18:50,,30,,10
264,Nyamirambo,Gatenga,,,Mo-Sa 05:40-18:20;Mo-Sa 18:50,,30,,10
265,Nyamirambo,Gikondo,,,Mo-Sa 05:40-18:20;Mo-Sa 18:50,,30,,10
266,Nyamirambo,Kagarama,,,Mo-Sa 05:40-18:20;Mo-Sa 18:50,,30,,10
267,Nyamirambo,Kanombe,,,Mo-Sa 05:40-18:20;Mo-Sa 18:50,,30,,10
268,Nyamirambo,Kicukiro,,,Mo-Sa 05:40-18:20;Mo-Sa 18:50,,30,,10
269,Nyamirambo,Kigarama,,,Mo-Sa 05:40-18:20;Mo-Sa 18:50,,30,,10
270,Nyamirambo,Masaka,,,Mo-Sa 05:40-18:20;Mo-Sa 18:50,,30,,10
271,Nyamirambo,Niboye,,,Mo-Sa 05:40-18:20;Mo-Sa 18:50,,30,,10
272,Nyamirambo,Nyarugunga,,,Mo-Sa 05:40-18:20;Mo-Sa 18:50,,30,,10
273,Nyarugenge,Gitega,,,Mo-Sa 05:40-18:20;Mo-Sa 18:50,,30,,10
274,Nyarugenge,Kanyinya,,,Mo-Sa 05:40-18:20;Mo-Sa 18:50,,30,,10
275,Nyarugenge,Kigali,,,Mo-Sa 05:40-18:20;Mo-Sa 18:50,,30,,10
276,Nyarugenge,Kimisagara,,,Mo-Sa 05:40-18:20;Mo-Sa 18:50,,30,,10
277,Nyarugenge,Mageregere,,,Mo-Sa 05:40-18:20;Mo-Sa 18:50,,30,,10
278,Nyarugenge,Muhima,,,Mo-Sa 05:40-18:20;Mo-Sa 18:50,,30,,10
279,Nyarugenge,Nyakabanda,,,Mo-Sa 05:40-18:20;Mo-Sa 18:50,,30,,10
280,Nyarugenge,Nyamirambo,,,Mo-Sa 05:40-18:20;Mo-Sa 18:50,,30,,10
281,Nyarugenge,Rwezamenyo,,,Mo-Sa 05:40-18:20;Mo-Sa 18:50,,30,,10
282,Nyarugenge,Bumbogo,,,Mo-Sa 05:40-18:20;Mo-Sa 18:50,,30,,10
283,Nyarugenge,Gatsata,,,Mo-Sa 05:40-18:20;Mo-Sa 18:50,,30,,10
284,Nyarugenge,Gikomero,,,Mo-Sa 05:40-18:20;Mo-Sa 18:50,,30,,10
285,Nyarugenge,Gisozi,,,Mo-Sa 05:40-18:20;Mo-Sa 18:50,,30,,10
286,Nyarugenge,Jabana,,,Mo-Sa 05:40-18:20;Mo-Sa 18:50,,30,,10
287,Nyarugenge,Jali,,,Mo-Sa 05:40-18:20;Mo-Sa 18:50,,30,,10
288,Nyarugenge,Kacyiru,,,Mo-Sa 05:40-18:20;Mo-Sa 18:50,,30,,10
289,Nyarugenge,Kimihurura,,,Mo-Sa 05:40-18:20;Mo-Sa 18:50,,30,,10
290,Nyarugenge,Kimironko,,,Mo-Sa 05:40-18:20;Mo-Sa 18:50,,30,,10
291,Nyarugenge,Kinyinya,,,Mo-Sa 05:40-18:20;Mo-Sa 18:50,,30,,10
292,Nyarugenge,Ndera,,,Mo-Sa 05:40-18:20;Mo-Sa 18:50,,30,,10
293,Nyarugenge,Nduba,,,Mo-Sa 05:40-18:20;Mo-Sa 18:50,,30,,10
294,Nyarugenge,Remera,,,Mo-Sa 05:40-18:20;Mo-Sa 18:50,,30,,10
295,Nyarugenge,Rusororo,,,Mo-Sa 05:40-18:20;Mo-Sa 18:50,,30,,10
296,Nyarugenge,Rutunga,,,Mo-Sa 05:40-18:20;Mo-Sa 18:50,,30,,10
297,Nyarugenge,Gahanga,,,Mo-Sa 05:40-18:20;Mo-Sa 18:50,,30,,10
298,Nyarugenge,Gatenga,,,Mo-Sa 05:40-18:20;Mo-Sa 18:50,,30,,10
299,Nyarugenge,Gikondo,,,Mo-Sa 05:40-18:20;Mo-Sa 18:50,,30,,10
300,Nyarugenge,Kagarama,,,Mo-Sa 05:40-18:20;Mo-Sa 18:50,,30,,10
301,Nyarugenge,Kanombe,,,Mo-Sa 05:40-18:20;Mo-Sa 18:50,,30,,10
302,Nyarugenge,Kicukiro,,,Mo-Sa 05:40-18:20;Mo-Sa 18:50,,30,,10
303,Nyarugenge,Kigarama,,,Mo-Sa 05:40-18:20;Mo-Sa 18:50,,30,,10
304,Nyarugenge,Masaka,,,Mo-Sa 05:40-18:20;Mo-Sa 18:50,,30,,10
305,Nyarugenge,Niboye,,,Mo-Sa 05:40-18:20;Mo-Sa 18:50,,30,,10
306,Nyarugenge,Nyarugunga,,,Mo-Sa 05:40-18:20;Mo-Sa 18:50,,30,,10
307,Rwezamenyo,Gitega,,,Mo-Sa 05:40-18:20;Mo-Sa 18:50,,30,,10
308,Rwezamenyo,Kanyinya,,,Mo-Sa 05:40-18:20;Mo-Sa 18:50,,30,,10
309,Rwezamenyo,Kigali,,,Mo-Sa 05:40-18:20;Mo-Sa 18:50,,30,,10
310,Rwezamenyo,Kimisagara,,,Mo-Sa 05:40-18:20;Mo-Sa 18:50,,30,,10
311,Rwezamenyo,Mageregere,,,Mo-Sa 05:40-18:20;Mo-Sa 18:50,,30,,10
312,Rwezamenyo,Muhima,,,Mo-Sa 05:40-18:20;Mo-Sa 18:50,,30,,10
313,Rwezamenyo,Nyakabanda,,,Mo-Sa 05:40-18:20;Mo-Sa 18:50,,30,,10
314,Rwezamenyo,Nyamirambo,,,Mo-Sa 05:40-18:20;Mo-Sa 18:50,,30,,10
315,Rwezamenyo,Nyarugenge,,,Mo-Sa 05:40-18:20;Mo-Sa 18:50,,30,,10
316,Rwezamenyo,Bumbogo,,,Mo-Sa 05:40-18:20;Mo-Sa 18:50,,30,,10
317,Rwezamenyo,Gatsata,,,Mo-Sa 05:40-18:20;Mo-Sa 18:50,,30,,10
318,Rwezamenyo,Gikomero,,,Mo-Sa 05:40-18:20;Mo-Sa 18:50,,30,,10
319,Rwezamenyo,Gisozi,,,Mo-Sa 05:40-18:20;Mo-Sa 18:50,,30,,10
320,Rwezamenyo,Jabana,,,Mo-Sa 05:40-18:20;Mo-Sa 18:50,,30,,10
321,Rwezamenyo,Jali,,,Mo-Sa 05:40-18:20;Mo-Sa 18:50,,30,,10
322,Rwezamenyo,Kacyiru,,,Mo-Sa 05:40-18:20;Mo-Sa 18:50,,30,,10
323,Rwezamenyo,Kimihurura,,,Mo-Sa 05:40-18:20;Mo-Sa 18:50,,30,,10
324,Rwezamenyo,Kimironko,,,Mo-Sa 05:40-18:20;Mo-Sa 18:50,,30,,10
325,Rwezamenyo,Kinyinya,,,Mo-Sa 05:40-18:20;Mo-Sa 18:50,,30,,10
326,Rwezamenyo,Ndera,,,Mo-Sa 05:40-18:20;Mo-Sa 18:50,,30,,10
327,Rwezamenyo,Nduba,,,Mo-Sa 05:40-18:20;Mo-Sa 18:50,,30,,10
328,Rwezamenyo,Remera,,,Mo-Sa 05:40-18:20;Mo-Sa 18:50,,30,,10
329,Rwezamenyo,Rusororo,,,Mo-Sa 05:40-18:20;Mo-Sa 18:50,,30,,10
330,Rwezamenyo,Rutunga,,,Mo-Sa 05:40-18:20;Mo-Sa 18:50,,30,,10
331,Rwezamenyo,Gahanga,,,Mo-Sa 05:40-18:20;Mo-Sa 18:50,,30,,10
332,Rwezamenyo,Gatenga,,,Mo-Sa 05:40-18:20;Mo-Sa 18:50,,30,,10
333,Rwezamenyo,Gikondo,,,Mo-Sa 05:40-18:20;Mo-Sa 18:50,,30,,10
334,Rwezamenyo,Kagarama,,,Mo-Sa 05:40-18:20;Mo-Sa 18:50,,30,,10
335,Rwezamenyo,Kanombe,,,Mo-Sa 05:40-18:20;Mo-Sa 18:50,,30,,10
336,Rwezamenyo,Kicukiro,,,Mo-Sa 05:40-18:20;Mo-Sa 18:50,,30,,10
337,Rwezamenyo,Kigarama,,,Mo-Sa 05:40-18:20;Mo-Sa 18:50,,30,,10
338,Rwezamenyo,Masaka,,,Mo-Sa 05:40-18:20;Mo-Sa 18:50,,30,,10
339,Rwezamenyo,Niboye,,,Mo-Sa 05:40-18:20;Mo-Sa 18:50,,30,,10
340,Rwezamenyo,Nyarugunga,,,Mo-Sa 05:40-18:20;Mo-Sa 18:50,,30,,10
341,Bumbogo,Gitega,,,Mo-Sa 05:40-18:20;Mo-Sa 18:50,,30,,10
342,Bumbogo,Kanyinya,,,Mo-Sa 05:40-18:20;Mo-Sa 18:50,,30,,10
343,Bumbogo,Kigali,,,Mo-Sa 05:40-18:20;Mo-Sa 18:50,,30,,10
344,Bumbogo,Kimisagara,,,Mo-Sa 05:40-18:20;Mo-Sa 18:50,,30,,10
345,Bumbogo,Mageregere,,,Mo-Sa 05:40-18:20;Mo-Sa 18:50,,30,,10
346,Bumbogo,Muhima,,,Mo-Sa 05:40-18:20;Mo-Sa 18:50,,30,,10
347,Bumbogo,Nyakabanda,,,Mo-Sa 05:40-18:20;Mo-Sa 18:50,,30,,10
348,Bumbogo,Nyamirambo,,,Mo-Sa 05:40-18:20;Mo-Sa 18:50,,30,,10
349,Bumbogo,Nyarugenge,,,Mo-Sa 05:40-18:20;Mo-Sa 18:50,,30,,10
350,Bumbogo,Rwezamenyo,,,Mo-Sa 05:40-18:20;Mo-Sa 18:50,,30,,10
351,Bumbogo,Gatsata,,,Mo-Sa 05:40-18:20;Mo-Sa 18:50,,30,,10
352,Bumbogo,Gikomero,,,Mo-Sa 05:40-18:20;Mo-Sa 18:50,,30,,10
353,Bumbogo,Gisozi,,,Mo-Sa 05:40-18:20;Mo-Sa 18:50,,30,,10
354,Bumbogo,Jabana,,,Mo-Sa 05:40-18:20;Mo-Sa 18:50,,30,,10
355,Bumbogo,Jali,,,Mo-Sa 05:40-18:20;Mo-Sa 18:50,,30,,10
356,Bumbogo,Kacyiru,,,Mo-Sa 05:40-18:20;Mo-Sa 18:50,,30,,10
357,Bumbogo,Kimihurura,,,Mo-Sa 05:40-18:20;Mo-Sa 18:50,,30,,10
358,Bumbogo,Kimironko,,,Mo-Sa 05:40-18:20;Mo-Sa 18:50,,30,,10
359,Bumbogo,Kinyinya,,,Mo-Sa 05:40-18:20;Mo-Sa 18:50,,30,,10
360,Bumbogo,Ndera,,,Mo-Sa 05:40-18:20;Mo-Sa 18:50,,30,,10
361,Bumbogo,Nduba,,,Mo-Sa 05:40-18:20;Mo-Sa 18:50,,30,,10
362,Bumbogo,Remera,,,Mo-Sa 05:40-18:20;Mo-Sa 18:50,,30,,10
363,Bumbogo,Rusororo,,,Mo-Sa 05:40-18:20;Mo-Sa 18:50,,30,,10
364,Bumbogo,Rutunga,,,Mo-Sa 05:40-18:20;Mo-Sa 18:50,,30,,10
365,Bumbogo,Gahanga,,,Mo-Sa 05:40-18:20;Mo-Sa 18:50,,30,,10
366,Bumbogo,Gatenga,,,Mo-Sa 05:40-18:20;Mo-Sa 18:50,,30,,10
367,Bumbogo,Gikondo,,,Mo-Sa 05:40-18:20;Mo-Sa 18:50,,30,,10
368,Bumbogo,Kagarama,,,Mo-Sa 05:40-18:20;Mo-Sa 18:50,,30,,10
369,Bumbogo,Kanombe,,,Mo-Sa 05:40-18:20;Mo-Sa 18:50,,30,,10
370,Bumbogo,Kicukiro,,,Mo-Sa 05:40-18:20;Mo-Sa 18:50,,30,,10
371,Bumbogo,Kigarama,,,Mo-Sa 05:40-18:20;Mo-Sa 18:50,,30,,10
372,Bumbogo,Masaka,,,Mo-Sa 05:40-18:20;Mo-Sa 18:50,,30,,10
373,Bumbogo,Niboye,,,Mo-Sa 05:40-18:20;Mo-Sa 18:50,,30,,10
374,Bumbogo,Nyarugunga,,,Mo-Sa 05:40-18:20;Mo-Sa 18:50,,30,,10
375,Gatsata,Gitega,,,Mo-Sa 05:40-18:20;Mo-Sa 18:50,,30,,10
376,Gatsata,Kanyinya,,,Mo-Sa 05:40-18:20;Mo-Sa 18:50,,30,,10
377,Gatsata,Kigali,,,Mo-Sa 05:40-18:20;Mo-Sa 18:50,,30,,10
378,Gatsata,Kimisagara,,,Mo-Sa 05:40-18:20;Mo-Sa 18:50,,30,,10
379,Gatsata,Mageregere,,,Mo-Sa 05:40-18:20;Mo-Sa 18:50,,30,,10
380,Gatsata,Muhima,,,Mo-Sa 05:40-18:20;Mo-Sa 18:50,,30,,10
381,Gatsata,Nyakabanda,,,Mo-Sa 05:40-18:20;Mo-Sa 18:50,,30,,10
382,Gatsata,Nyamirambo,,,Mo-Sa 05:40-18:20;Mo-Sa 18:50,,30,,10
383,Gatsata,Nyarugenge,,,Mo-Sa 05:40-18:20;Mo-Sa 18:50,,30,,10
384,Gatsata,Rwezamenyo,,,Mo-Sa 05:40-18:20;Mo-Sa 18:50,,30,,10
385,Gatsata,Bumbogo,,,Mo-Sa 05:40-18:20;Mo-Sa 18:50,,30,,10
386,Gatsata,Gikomero,,,Mo-Sa 05:40-18:20;Mo-Sa 18:50,,30,,10
387,Gatsata,Gisozi,,,Mo-Sa 05:40-18:20;Mo-Sa 18:50,,30,,10
388,Gatsata,Jabana,,,Mo-Sa 05:40-18:20;Mo-Sa 18:50,,30,,10
389,Gatsata,Jali,,,Mo-Sa 05:40-18:20;Mo-Sa 18:50,,30,,10
390,Gatsata,Kacyiru,,,Mo-Sa 05:40-18:20;Mo-Sa 18:50,,30,,10
391,Gatsata,Kimihurura,,,Mo-Sa 05:40-18:20;Mo-Sa 18:50,,30,,10
392,Gatsata,Kimironko,,,Mo-Sa 05:40-18:20;Mo-Sa 18:50,,30,,10
393,Gatsata,Kinyinya,,,Mo-Sa 05:40-18:20;Mo-Sa 18:50,,30,,10
394,Gatsata,Ndera,,,Mo-Sa 05:40-18:20;Mo-Sa 18:50,,30,,10
395,Gatsata,Nduba,,,Mo-Sa 05:40-18:20;Mo-Sa 18:50,,30,,10
396,Gatsata,Remera,,,Mo-Sa 05:40-18:20;Mo-Sa 18:50,,30,,10
397,Gatsata,Rusororo,,,Mo-Sa 05:40-18:20;Mo-Sa 18:50,,30,,10
398,Gatsata,Rutunga,,,Mo-Sa 05:40-18:20;Mo-Sa 18:50,,30,,10
399,Gatsata,Gahanga,,,Mo-Sa 05:40-18:20;Mo-Sa 18:50,,30,,10
400,Gatsata,Gatenga,,,Mo-Sa 05:40-18:20;Mo-Sa 18:50,,30,,10
401,Gatsata,Gikondo,,,Mo-Sa 05:40-18:20;Mo-Sa 18:50,,30,,10
402,Gatsata,Kagarama,,,Mo-Sa 05:40-18:20;Mo-Sa 18:50,,30,,10
403,Gatsata,Kanombe,,,Mo-Sa 05:40-18:20;Mo-Sa 18:50,,30,,10
404,Gatsata,Kicukiro,,,Mo-Sa 05:40-18:20;Mo-Sa 18:50,,30,,10
405,Gatsata,Kigarama,,,Mo-Sa 05:40-18:20;Mo-Sa 18:50,,30,,10
406,Gatsata,Masaka,,,Mo-Sa 05:40-18:20;Mo-Sa 18:50,,30,,10
407,Gatsata,Niboye,,,Mo-Sa 05:40-18:20;Mo-Sa 18:50,,30,,10
408,Gatsata,Nyarugunga,,,Mo-Sa 05:40-18:20;Mo-Sa 18:50,,30,,10
409,Gikomero,Gitega,,,Mo-Sa 05:40-18:20;Mo-Sa 18:50,,30,,10
410,Gikomero,Kanyinya,,,Mo-Sa 05:40-18:20;Mo-Sa 18:50,,30,,10
411,Gikomero,Kigali,,,Mo-Sa 05:40-18:20;Mo-Sa 18:50,,30,,10
412,Gikomero,Kimisagara,,,Mo-Sa 05:40-18:20;Mo-Sa 18:50,,30,,10
413,Gikomero,Mageregere,,,Mo-Sa 05:40-18:20;Mo-Sa 18:50,,30,,10
414,Gikomero,Muhima,,,Mo-Sa 05:40-18:20;Mo-Sa 18:50,,30,,10
415,Gikomero,Nyakabanda,,,Mo-Sa 05:40-18:20;Mo-Sa 18:50,,30,,10
416,Gikomero,Nyamirambo,,,Mo-Sa 05:40-18:20;Mo-Sa 18:50,,30,,10
417,Gikomero,Nyarugenge,,,Mo-Sa 05:40-18:20;Mo-Sa 18:50,,30,,10
418,Gikomero,Rwezamenyo,,,Mo-Sa 05:40-18:20;Mo-Sa 18:50,,30,,10
419,Gikomero,Bumbogo,,,Mo-Sa 05:40-18:20;Mo-Sa 18:50,,30,,10
420,Gikomero,Gatsata,,,Mo-Sa 05:40-18:20;Mo-Sa 18:50,,30,,10
421,Gikomero,Gisozi,,,Mo-Sa 05:40-18:20;Mo-Sa 18:50,,30,,10
422,Gikomero,Jabana,,,Mo-Sa 05:40-18:20;Mo-Sa 18:50,,30,,10
423,Gikomero,Jali,,,Mo-Sa 05:40-18:20;Mo-Sa 18:50,,30,,10
424,Gikomero,Kacyiru,,,Mo-Sa 05:40-18:20;Mo-Sa 18:50,,30,,10
425,Gikomero,Kimihurura,,,Mo-Sa 05:40-18:20;Mo-Sa 18:50,,30,,10
426,Gikomero,Kimironko,,,Mo-Sa 05:40-18:20;Mo-Sa 18:50,,30,,10
427,Gikomero,Kinyinya,,,Mo-Sa 05:40-18:20;Mo-Sa 18:50,,30,,10
428,Gikomero,Ndera,,,Mo-Sa 05:40-18:20;Mo-Sa 18:50,,30,,10
429,Gikomero,Nduba,,,Mo-Sa 05:40-18:20;Mo-Sa 18:50,,30,,10
430,Gikomero,Remera,,,Mo-Sa 05:40-18:20;Mo-Sa 18:50,,30,,10
431,Gikomero,Rusororo,,,Mo-Sa 05:40-18:20;Mo-Sa 18:50,,30,,10
432,Gikomero,Rutunga,,,Mo-Sa 05:40-18:20;Mo-Sa 18:50,,30,,10
433,Gikomero,Gahanga,,,Mo-Sa 05:40-18:20;Mo-Sa 18:50,,30,,10
434,Gikomero,Gatenga,,,Mo-Sa 05:40-18:20;Mo-Sa 18:50,,30,,10
435,Gikomero,Gikondo,,,Mo-Sa 05:40-18:20;Mo-Sa 18:50,,30,,10
436,Gikomero,Kagarama,,,Mo-Sa 05:40-18:20;Mo-Sa 18:50,,30,,10
437,Gikomero,Kanombe,,,Mo-Sa 05:40-18:20;Mo-Sa 18:50,,30,,10
438,Gikomero,Kicukiro,,,Mo-Sa 05:40-18:20;Mo-Sa 18:50,,30,,10
439,Gikomero,Kigarama,,,Mo-Sa 05:40-18:20;Mo-Sa 18:50,,30,,10
440,Gikomero,Masaka,,,Mo-Sa 05:40-18:20;Mo-Sa 18:50,,30,,10
441,Gikomero,Niboye,,,Mo-Sa 05:40-18:20;Mo-Sa 18:50,,30,,10
442,Gikomero,Nyarugunga,,,Mo-Sa 05:40-18:20;Mo-Sa 18:50,,30,,10
443,Gisozi,Gitega,,,Mo-Sa 05:40-18:20;Mo-Sa 18:50,,30,,10
444,Gisozi,Kanyinya,,,Mo-Sa 05:40-18:20;Mo-Sa 18:50,,30,,10
445,Gisozi,Kigali,,,Mo-Sa 05:40-18:20;Mo-Sa 18:50,,30,,10
446,Gisozi,Kimisagara,,,Mo-Sa 05:40-18:20;Mo-Sa 18:50,,30,,10
447,Gisozi,Mageregere,,,Mo-Sa 05:40-18:20;Mo-Sa 18:50,,30,,10
448,Gisozi,Muhima,,,Mo-Sa 05:40-18:20;Mo-Sa 18:50,,30,,10
449,Gisozi,Nyakabanda,,,Mo-Sa 05:40-18:20;Mo-Sa 18:50,,30,,10
450,Gisozi,Nyamirambo,,,Mo-Sa 05:40-18:20;Mo-Sa 18:50,,30,,10
451,Gisozi,Nyarugenge,,,Mo-Sa 05:40-18:20;Mo-Sa 18:50,,30,,10
452,Gisozi,Rwezamenyo,,,Mo-Sa 05:40-18:20;Mo-Sa 18:50,,30,,10
453,Gisozi,Bumbogo,,,Mo-Sa 05:40-18:20;Mo-Sa 18:50,,30,,10
454,Gisozi,Gatsata,,,Mo-Sa 05:40-18:20;Mo-Sa 18:50,,30,,10
455,Gisozi,Gikomero,,,Mo-Sa 05:40-18:20;Mo-Sa 18:50,,30,,10
456,Gisozi,Jabana,,,Mo-Sa 05:40-18:20;Mo-Sa 18:50,,30,,10
457,Gisozi,Jali,,,Mo-Sa 05:40-18:20;Mo-Sa 18:50,,30,,10
458,Gisozi,Kacyiru,,,Mo-Sa 05:40-18:20;Mo-Sa 18:50,,30,,10
459,Gisozi,Kimihurura,,,Mo-Sa 05:40-18:20;Mo-Sa 18:50,,30,,10
460,Gisozi,Kimironko,,,Mo-Sa 05:40-18:20;Mo-Sa 18:50,,30,,10
461,Gisozi,Kinyinya,,,Mo-Sa 05:40-18:20;Mo-Sa 18:50,,30,,10
462,Gisozi,Ndera,,,Mo-Sa 05:40-18:20;Mo-Sa 18:50,,30,,10
463,Gisozi,Nduba,,,Mo-Sa 05:40-18:20;Mo-Sa 18:50,,30,,10
464,Gisozi,Remera,,,Mo-Sa 05:40-18:20;Mo-Sa 18:50,,30,,10
465,Gisozi,Rusororo,,,Mo-Sa 05:40-18:20;Mo-Sa 18:50,,30,,10
466,Gisozi,Rutunga,,,Mo-Sa 05:40-18:20;Mo-Sa 18:50,,30,,10
467,Gisozi,Gahanga,,,Mo-Sa 05:40-18:20;Mo-Sa 18:50,,30,,10
468,Gisozi,Gatenga,,,Mo-Sa 05:40-18:20;Mo-Sa 18:50,,30,,10
469,Gisozi,Gikondo,,,Mo-Sa 05:40-18:20;Mo-Sa 18:50,,30,,10
470,Gisozi,Kagarama,,,Mo-Sa 05:40-18:20;Mo-Sa 18:50,,30,,10
471,Gisozi,Kanombe,,,Mo-Sa 05:40-18:20;Mo-Sa 18:50,,30,,10
472,Gisozi,Kicukiro,,,Mo-Sa 05:40-18:20;Mo-Sa 18:50,,30,,10
473,Gisozi,Kigarama,,,Mo-Sa 05:40-18:20;Mo-Sa 18:50,,30,,10
474,Gisozi,Masaka,,,Mo-Sa 05:40-18:20;Mo-Sa 18:50,,30,,10
475,Gisozi,Niboye,,,Mo-Sa 05:40-18:20;Mo-Sa 18:50,,30,,10
476,Gisozi,Nyarugunga,,,Mo-Sa 05:40-18:20;Mo-Sa 18:50,,30,,10
477,Jabana,Gitega,,,Mo-Sa 05:40-18:20;Mo-Sa 18:50,,30,,10
478,Jabana,Kanyinya,,,Mo-Sa 05:40-18:20;Mo-Sa 18:50,,30,,10
479,Jabana,Kigali,,,Mo-Sa 05:40-18:20;Mo-Sa 18:50,,30,,10
480,Jabana,Kimisagara,,,Mo-Sa 05:40-18:20;Mo-Sa 18:50,,30,,10
481,Jabana,Mageregere,,,Mo-Sa 05:40-18:20;Mo-Sa 18:50,,30,,10
482,Jabana,Muhima,,,Mo-Sa 05:40-18:20;Mo-Sa 18:50,,30,,10
483,Jabana,Nyakabanda,,,Mo-Sa 05:40-18:20;Mo-Sa 18:50,,30,,10
484,Jabana,Nyamirambo,,,Mo-Sa 05:40-18:20;Mo-Sa 18:50,,30,,10
485,Jabana,Nyarugenge,,,Mo-Sa 05:40-18:20;Mo-Sa 18:50,,30,,10
486,Jabana,Rwezamenyo,,,Mo-Sa 05:40-18:20;Mo-Sa 18:50,,30,,10
487,Jabana,Bumbogo,,,Mo-Sa 05:40-18:20;Mo-Sa 18:50,,30,,10
488,Jabana,Gatsata,,,Mo-Sa 05:40-18:20;Mo-Sa 18:50,,30,,10
489,Jabana,Gikomero,,,Mo-Sa 05:40-18:20;Mo-Sa 18:50,,30,,10
490,Jabana,Gisozi,,,Mo-Sa 05:40-18:20;Mo-Sa 18:50,,30,,10
491,Jabana,Jali,,,Mo-Sa 05:40-18:20;Mo-Sa 18:50,,30,,10
492,Jabana,Kacyiru,,,Mo-Sa 05:40-18:20;Mo-Sa 18:50,,30,,10
493,Jabana,Kimihurura,,,Mo-Sa 05:40-18:20;Mo-Sa 18:50,,30,,10
494,Jabana,Kimironko,,,Mo-Sa 05:40-18:20;Mo-Sa 18:50,,30,,10
495,Jabana,Kinyinya,,,Mo-Sa 05:40-18:20;Mo-Sa 18:50,,30,,10
496,Jabana,Ndera,,,Mo-Sa 05:40-18:20;Mo-Sa 18:50,,30,,10
497,Jabana,Nduba,,,Mo-Sa 05:40-18:20;Mo-Sa 18:50,,30,,10
498,Jabana,Remera,,,Mo-Sa 05:40-18:20;Mo-Sa 18:50,,30,,10
499,Jabana,Rusororo,,,Mo-Sa 05:40-18:20;Mo-Sa 18:50,,30,,10
500,Jabana,Rutunga,,,Mo-Sa 05:40-18:20;Mo-Sa 18:50,,30,,10
501,Jabana,Gahanga,,,Mo-Sa 05:40-18:20;Mo-Sa 18:50,,30,,10
502,Jabana,Gatenga,,,Mo-Sa 05:40-18:20;Mo-Sa 18:50,,30,,10
503,Jabana,Gikondo,,,Mo-Sa 05:40-18:20;Mo-Sa 18:50,,30,,10
504,Jabana,Kagarama,,,Mo-Sa 05:40-18:20;Mo-Sa 18:50,,30,,10
505,Jabana,Kanombe,,,Mo-Sa 05:40-18:20;Mo-Sa 18:50,,30,,10
506,Jabana,Kicukiro,,,Mo-Sa 05:40-18:20;Mo-Sa 18:50,,30,,10
507,Jabana,Kigarama,,,Mo-Sa 05:40-18:20;Mo-Sa 18:50,,30,,10
508,Jabana,Masaka,,,Mo-Sa 05:40-18:20;Mo-Sa 18:50,,30,,10
509,Jabana,Niboye,,,Mo-Sa 05:40-18:20;Mo-Sa 18:50,,30,,10
510,Jabana,Nyarugunga,,,Mo-Sa 05:40-18:20;Mo-Sa 18:50,,30,,10
511,Jali,Gitega,,,Mo-Sa 05:40-18:20;Mo-Sa 18:50,,30,,10
512,Jali,Kanyinya,,,Mo-Sa 05:40-18:20;Mo-Sa 18:50,,30,,10
513,Jali,Kigali,,,Mo-Sa 05:40-18:20;Mo-Sa 18:50,,30,,10
514,Jali,Kimisagara,,,Mo-Sa 05:40-18:20;Mo-Sa 18:50,,30,,10
515,Jali,Mageregere,,,Mo-Sa 05:40-18:20;Mo-Sa 18:50,,30,,10
516,Jali,Muhima,,,Mo-Sa 05:40-18:20;Mo-Sa 18:50,,30,,10
517,Jali,Nyakabanda,,,Mo-Sa 05:40-18:20;Mo-Sa 18:50,,30,,10
518,Jali,Nyamirambo,,,Mo-Sa 05:40-18:20;Mo-Sa 18:50,,30,,10
519,Jali,Nyarugenge,,,Mo-Sa 05:40-18:20;Mo-Sa 18:50,,30,,10
520,Jali,Rwezamenyo,,,Mo-Sa 05:40-18:20;Mo-Sa 18:50,,30,,10
521,Jali,Bumbogo,,,Mo-Sa 05:40-18:20;Mo-Sa 18:50,,30,,10
522,Jali,Gatsata,,,Mo-Sa 05:40-18:20;Mo-Sa 18:50,,30,,10
523,Jali,Gikomero,,,Mo-Sa 05:40-18:20;Mo-Sa 18:50,,30,,10
524,Jali,Gisozi,,,Mo-Sa 05:40-18:20;Mo-Sa 18:50,,30,,10
525,Jali,Jabana,,,Mo-Sa 05:40-18:20;Mo-Sa 18:50,,30,,10
526,Jali,Kacyiru,,,Mo-Sa 05:40-18:20;Mo-Sa 18:50,,30,,10
527,Jali,Kimihurura,,,Mo-Sa 05:40-18:20;Mo-Sa 18:50,,30,,10
528,Jali,Kimironko,,,Mo-Sa 05:40-18:20;Mo-Sa 18:50,,30,,10
529,Jali,Kinyinya,,,Mo-Sa 05:40-18:20;Mo-Sa 18:50,,30,,10
530,Jali,Ndera,,,Mo-Sa 05:40-18:20;Mo-Sa 18:50,,30,,10
531,Jali,Nduba,,,Mo-Sa 05:40-18:20;Mo-Sa 18:50,,30,,10
532,Jali,Remera,,,Mo-Sa 05:40-18:20;Mo-Sa 18:50,,30,,10
533,Jali,Rusororo,,,Mo-Sa 05:40-18:20;Mo-Sa 18:50,,30,,10
534,Jali,Rutunga,,,Mo-Sa 05:40-18:20;Mo-Sa 18:50,,30,,10
535,Jali,Gahanga,,,Mo-Sa 05:40-18:20;Mo-Sa 18:50,,30,,10
536,Jali,Gatenga,,,Mo-Sa 05:40-18:20;Mo-Sa 18:50,,30,,10
537,Jali,Gikondo,,,Mo-Sa 05:40-18:20;Mo-Sa 18:50,,30,,10
538,Jali,Kagarama,,,Mo-Sa 05:40-18:20;Mo-Sa 18:50,,30,,10
539,Jali,Kanombe,,,Mo-Sa 05:40-18:20;Mo-Sa 18:50,,30,,10
540,Jali,Kicukiro,,,Mo-Sa 05:40-18:20;Mo-Sa 18:50,,30,,10
541,Jali,Kigarama,,,Mo-Sa 05:40-18:20;Mo-Sa 18:50,,30,,10
542,Jali,Masaka,,,Mo-Sa 05:40-18:20;Mo-Sa 18:50,,30,,10
543,Jali,Niboye,,,Mo-Sa 05:40-18:20;Mo-Sa 18:50,,30,,10
544,Jali,Nyarugunga,,,Mo-Sa 05:40-18:20;Mo-Sa 18:50,,30,,10
545,Kacyiru,Gitega,,,Mo-Sa 05:40-18:20;Mo-Sa 18:50,,30,,10
546,Kacyiru,Kanyinya,,,Mo-Sa 05:40-18:20;Mo-Sa 18:50,,30,,10
547,Kacyiru,Kigali,,,Mo-Sa 05:40-18:20;Mo-Sa 18:50,,30,,10
548,Kacyiru,Kimisagara,,,Mo-Sa 05:40-18:20;Mo-Sa 18:50,,30,,10
549,Kacyiru,Mageregere,,,Mo-Sa 05:40-18:20;Mo-Sa 18:50,,30,,10
550,Kacyiru,Muhima,,,Mo-Sa 05:40-18:20;Mo-Sa 18:50,,30,,10
551,Kacyiru,Nyakabanda,,,Mo-Sa 05:40-18:20;Mo-Sa 18:50,,30,,10
552,Kacyiru,Nyamirambo,,,Mo-Sa 05:40-18:20;Mo-Sa 18:50,,30,,10
553,Kacyiru,Nyarugenge,,,Mo-Sa 05:40-18:20;Mo-Sa 18:50,,30,,10
554,Kacyiru,Rwezamenyo,,,Mo-Sa 05:40-18:20;Mo-Sa 18:50,,30,,10
555,Kacyiru,Bumbogo,,,Mo-Sa 05:40-18:20;Mo-Sa 18:50,,30,,10
556,Kacyiru,Gatsata,,,Mo-Sa 05:40-18:20;Mo-Sa 18:50,,30,,10
557,Kacyiru,Gikomero,,,Mo-Sa 05:40-18:20;Mo-Sa 18:50,,30,,10
558,Kacyiru,Gisozi,,,Mo-Sa 05:40-18:20;Mo-Sa 18:50,,30,,10
559,Kacyiru,Jabana,,,Mo-Sa 05:40-18:20;Mo-Sa 18:50,,30,,10
560,Kacyiru,Jali,,,Mo-Sa 05:40-18:20;Mo-Sa 18:50,,30,,10
561,Kacyiru,Kimihurura,,,Mo-Sa 05:40-18:20;Mo-Sa 18:50,,30,,10
562,Kacyiru,Kimironko,,,Mo-Sa 05:40-18:20;Mo-Sa 18:50,,30,,10
563,Kacyiru,Kinyinya,,,Mo-Sa 05:40-18:20;Mo-Sa 18:50,,30,,10
564,Kacyiru,Ndera,,,Mo-Sa 05:40-18:20;Mo-Sa 18:50,,30,,10
565,Kacyiru,Nduba,,,Mo-Sa 05:40-18:20;Mo-Sa 18:50,,30,,10
566,Kacyiru,Remera,,,Mo-Sa 05:40-18:20;Mo-Sa 18:50,,30,,10
567,Kacyiru,Rusororo,,,Mo-Sa 05:40-18:20;Mo-Sa 18:50,,30,,10
568,Kacyiru,Rutunga,,,Mo-Sa 05:40-18:20;Mo-Sa 18:50,,30,,10
569,Kacyiru,Gahanga,,,Mo-Sa 05:40-18:20;Mo-Sa 18:50,,30,,10
570,Kacyiru,Gatenga,,,Mo-Sa 05:40-18:20;Mo-Sa 18:50,,30,,10
571,Kacyiru,Gikondo,,,Mo-Sa 05:40-18:20;Mo-Sa 18:50,,30,,10
572,Kacyiru,Kagarama,,,Mo-Sa 05:40-18:20;Mo-Sa 18:50,,30,,10
573,Kacyiru,Kanombe,,,Mo-Sa 05:40-18:20;Mo-Sa 18:50,,30,,10
574,Kacyiru,Kicukiro,,,Mo-Sa 05:40-18:20;Mo-Sa 18:50,,30,,10
575,Kacyiru,Kigarama,,,Mo-Sa 05:40-18:20;Mo-Sa 18:50,,30,,10
576,Kacyiru,Masaka,,,Mo-Sa 05:40-18:20;Mo-Sa 18:50,,30,,10
577,Kacyiru,Niboye,,,Mo-Sa 05:40-18:20;Mo-Sa 18:50,,30,,10
578,Kacyiru,Nyarugunga,,,Mo-Sa 05:40-18:20;Mo-Sa 18:50,,30,,10
579,Kimihurura,Gitega,,,Mo-Sa 05:40-18:20;Mo-Sa 18:50,,30,,10
580,Kimihurura,Kanyinya,,,Mo-Sa 05:40-18:20;Mo-Sa 18:50,,30,,10
581,Kimihurura,Kigali,,,Mo-Sa 05:40-18:20;Mo-Sa 18:50,,30,,10
582,Kimihurura,Kimisagara,,,Mo-Sa 05:40-18:20;Mo-Sa 18:50,,30,,10
583,Kimihurura,Mageregere,,,Mo-Sa 05:40-18:20;Mo-Sa 18:50,,30,,10
584,Kimihurura,Muhima,,,Mo-Sa 05:40-18:20;Mo-Sa 18:50,,30,,10
585,Kimihurura,Nyakabanda,,,Mo-Sa 05:40-18:20;Mo-Sa 18:50,,30,,10
586,Kimihurura,Nyamirambo,,,Mo-Sa 05:40-18:20;Mo-Sa 18:50,,30,,10
587,Kimihurura,Nyarugenge,,,Mo-Sa 05:40-18:20;Mo-Sa 18:50,,30,,10
588,Kimihurura,Rwezamenyo,,,Mo-Sa 05:40-18:20;Mo-Sa 18:50,,30,,10
589,Kimihurura,Bumbogo,,,Mo-Sa 05:40-18:20;Mo-Sa 18:50,,30,,10
590,Kimihurura,Gatsata,,,Mo-Sa 05:40-18:20;Mo-Sa 18:50,,30,,10
591,Kimihurura,Gikomero,,,Mo-Sa 05:40-18:20;Mo-Sa 18:50,,30,,10
592,Kimihurura,Gisozi,,,Mo-Sa 05:40-18:20;Mo-Sa 18:50,,30,,10
593,Kimihurura,Jabana,,,Mo-Sa 05:40-18:20;Mo-Sa 18:50,,30,,10
594,Kimihurura,Jali,,,Mo-Sa 05:40-18:20;Mo-Sa 18:50,,30,,10
595,Kimihurura,Kacyiru,,,Mo-Sa 05:40-18:20;Mo-Sa 18:50,,30,,10
596,Kimihurura,Kimironko,,,Mo-Sa 05:40-18:20;Mo-Sa 18:50,,30,,10
597,Kimihurura,Kinyinya,,,Mo-Sa 05:40-18:20;Mo-Sa 18:50,,30,,10
598,Kimihurura,Ndera,,,Mo-Sa 05:40-18:20;Mo-Sa 18:50,,30,,10
599,Kimihurura,Nduba,,,Mo-Sa 05:40-18:20;Mo-Sa 18:50,,30,,10
600,Kimihurura,Remera,,,Mo-Sa 05:40-18:20;Mo-Sa 18:50,,30,,10
601,Kimihurura,Rusororo,,,Mo-Sa 05:40-18:20;Mo-Sa 18:50,,30,,10
602,Kimihurura,Rutunga,,,Mo-Sa 05:40-18:20;Mo-Sa 18:50,,30,,10
603,Kimihurura,Gahanga,,,Mo-Sa 05:40-18:20;Mo-Sa 18:50,,30,,10
604,Kimihurura,Gatenga,,,Mo-Sa 05:40-18:20;Mo-Sa 18:50,,30,,10
605,Kimihurura,Gikondo,,,Mo-Sa 05:40-18:20;Mo-Sa 18:50,,30,,10
606,Kimihurura,Kagarama,,,Mo-Sa 05:40-18:20;Mo-Sa 18:50,,30,,10
607,Kimihurura,Kanombe,,,Mo-Sa 05:40-18:20;Mo-Sa 18:50,,30,,10
608,Kimihurura,Kicukiro,,,Mo-Sa 05:40-18:20;Mo-Sa 18:50,,30,,10
609,Kimihurura,Kigarama,,,Mo-Sa 05:40-18:20;Mo-Sa 18:50,,30,,10
610,Kimihurura,Masaka,,,Mo-Sa 05:40-18:20;Mo-Sa 18:50,,30,,10
611,Kimihurura,Niboye,,,Mo-Sa 05:40-18:20;Mo-Sa 18:50,,30,,10
612,Kimihurura,Nyarugunga,,,Mo-Sa 05:40-18:20;Mo-Sa 18:50,,30,,10
613,Kimironko,Gitega,,,Mo-Sa 05:40-18:20;Mo-Sa 18:50,,30,,10
614,Kimironko,Kanyinya,,,Mo-Sa 05:40-18:20;Mo-Sa 18:50,,30,,10
615,Kimironko,Kigali,,,Mo-Sa 05:40-18:20;Mo-Sa 18:50,,30,,10
616,Kimironko,Kimisagara,,,Mo-Sa 05:40-18:20;Mo-Sa 18:50,,30,,10
617,Kimironko,Mageregere,,,Mo-Sa 05:40-18:20;Mo-Sa 18:50,,30,,10
618,Kimironko,Muhima,,,Mo-Sa 05:40-18:20;Mo-Sa 18:50,,30,,10
619,Kimironko,Nyakabanda,,,Mo-Sa 05:40-18:20;Mo-Sa 18:50,,30,,10
620,Kimironko,Nyamirambo,,,Mo-Sa 05:40-18:20;Mo-Sa 18:50,,30,,10
621,Kimironko,Nyarugenge,,,Mo-Sa 05:40-18:20;Mo-Sa 18:50,,30,,10
622,Kimironko,Rwezamenyo,,,Mo-Sa 05:40-18:20;Mo-Sa 18:50,,30,,10
623,Kimironko,Bumbogo,,,Mo-Sa 05:40-18:20;Mo-Sa 18:50,,30,,10
624,Kimironko,Gatsata,,,Mo-Sa 05:40-18:20;Mo-Sa 18:50,,30,,10
625,Kimironko,Gikomero,,,Mo-Sa 05:40-18:20;Mo-Sa 18:50,,30,,10
626,Kimironko,Gisozi,,,Mo-Sa 05:40-18:20;Mo-Sa 18:50,,30,,10
627,Kimironko,Jabana,,,Mo-Sa 05:40-18:20;Mo-Sa 18:50,,30,,10
628,Kimironko,Jali,,,Mo-Sa 05:40-18:20;Mo-Sa 18:50,,30,,10
629,Kimironko,Kacyiru,,,Mo-Sa 05:40-18:20;Mo-Sa 18:50,,30,,10
630,Kimironko,Kimihurura,,,Mo-Sa 05:40-18:20;Mo-Sa 18:50,,30,,10
631,Kimironko,Kinyinya,,,Mo-Sa 05:40-18:20;Mo-Sa 18:50,,30,,10
632,Kimironko,Ndera,,,Mo-Sa 05:40-18:20;Mo-Sa 18:50,,30,,10
633,Kimironko,Nduba,,,Mo-Sa 05:40-18:20;Mo-Sa 18:50,,30,,10
634,Kimironko,Remera,,,Mo-Sa 05:40-18:20;Mo-Sa 18:50,,30,,10
635,Kimironko,Rusororo,,,Mo-Sa 05:40-18:20;Mo-Sa 18:50,,30,,10
636,Kimironko,Rutunga,,,Mo-Sa 05:40-18:20;Mo-Sa 18:50,,30,,10
637,Kimironko,Gahanga,,,Mo-Sa 05:40-18:20;Mo-Sa 18:50,,30,,10
638,Kimironko,Gatenga,,,Mo-Sa 05:40-18:20;Mo-Sa 18:50,,30,,10
639,Kimironko,Gikondo,,,Mo-Sa 05:40-18:20;Mo-Sa 18:50,,30,,10
640,Kimironko,Kagarama,,,Mo-Sa 05:40-18:20;Mo-Sa 18:50,,30,,10
641,Kimironko,Kanombe,,,Mo-Sa 05:40-18:20;Mo-Sa 18:50,,30,,10
642,Kimironko,Kicukiro,,,Mo-Sa 05:40-18:20;Mo-Sa 18:50,,30,,10
643,Kimironko,Kigarama,,,Mo-Sa 05:40-18:20;Mo-Sa 18:50,,30,,10
644,Kimironko,Masaka,,,Mo-Sa 05:40-18:20;Mo-Sa 18:50,,30,,10
645,Kimironko,Niboye,,,Mo-Sa 05:40-18:20;Mo-Sa 18:50,,30,,10
646,Kimironko,Nyarugunga,,,Mo-Sa 05:40-18:20;Mo-Sa 18:50,,30,,10
647,Kinyinya,Gitega,,,Mo-Sa 05:40-18:20;Mo-Sa 18:50,,30,,10
648,Kinyinya,Kanyinya,,,Mo-Sa 05:40-18:20;Mo-Sa 18:50,,30,,10
649,Kinyinya,Kigali,,,Mo-Sa 05:40-18:20;Mo-Sa 18:50,,30,,10
650,Kinyinya,Kimisagara,,,Mo-Sa 05:40-18:20;Mo-Sa 18:50,,30,,10
651,Kinyinya,Mageregere,,,Mo-Sa 05:40-18:20;Mo-Sa 18:50,,30,,10
652,Kinyinya,Muhima,,,Mo-Sa 05:40-18:20;Mo-Sa 18:50,,30,,10
653,Kinyinya,Nyakabanda,,,Mo-Sa 05:40-18:20;Mo-Sa 18:50,,30,,10
654,Kinyinya,Nyamirambo,,,Mo-Sa 05:40-18:20;Mo-Sa 18:50,,30,,10
655,Kinyinya,Nyarugenge,,,Mo-Sa 05:40-18:20;Mo-Sa 18:50,,30,,10
656,Kinyinya,Rwezamenyo,,,Mo-Sa 05:40-18:20;Mo-Sa 18:50,,30,,10
657,Kinyinya,Bumbogo,,,Mo-Sa 05:40-18:20;Mo-Sa 18:50,,30,,10
658,Kinyinya,Gatsata,,,Mo-Sa 05:40-18:20;Mo-Sa 18:50,,30,,10
659,Kinyinya,Gikomero,,,Mo-Sa 05:40-18:20;Mo-Sa 18:50,,30,,10
660,Kinyinya,Gisozi,,,Mo-Sa 05:40-18:20;Mo-Sa 18:50,,30,,10
661,Kinyinya,Jabana,,,Mo-Sa 05:40-18:20;Mo-Sa 18:50,,30,,10
662,Kinyinya,Jali,,,Mo-Sa 05:40-18:20;Mo-Sa 18:50,,30,,10
663,Kinyinya,Kacyiru,,,Mo-Sa 05:40-18:20;Mo-Sa 18:50,,30,,10
664,Kinyinya,Kimihurura,,,Mo-Sa 05:40-18:20;Mo-Sa 18:50,,30,,10
665,Kinyinya,Kimironko,,,Mo-Sa 05:40-18:20;Mo-Sa 18:50,,30,,10
666,Kinyinya,Ndera,,,Mo-Sa 05:40-18:20;Mo-Sa 18:50,,30,,10
667,Kinyinya,Nduba,,,Mo-Sa 05:40-18:20;Mo-Sa 18:50,,30,,10
668,Kinyinya,Remera,,,Mo-Sa 05:40-18:20;Mo-Sa 18:50,,30,,10
669,Kinyinya,Rusororo,,,Mo-Sa 05:40-18:20;Mo-Sa 18:50,,30,,10
670,Kinyinya,Rutunga,,,Mo-Sa 05:40-18:20;Mo-Sa 18:50,,30,,10
671,Kinyinya,Gahanga,,,Mo-Sa 05:40-18:20;Mo-Sa 18:50,,30,,10
672,Kinyinya,Gatenga,,,Mo-Sa 05:40-18:20;Mo-Sa 18:50,,30,,10
673,Kinyinya,Gikondo,,,Mo-Sa 05:40-18:20;Mo-Sa 18:50,,30,,10
674,Kinyinya,Kagarama,,,Mo-Sa 05:40-18:20;Mo-Sa 18:50,,30,,10
675,Kinyinya,Kanombe,,,Mo-Sa 05:40-18:20;Mo-Sa 18:50,,30,,10
676,Kinyinya,Kicukiro,,,Mo-Sa 05:40-18:20;Mo-Sa 18:50,,30,,10
677,Kinyinya,Kigarama,,,Mo-Sa 05:40-18:20;Mo-Sa 18:50,,30,,10
678,Kinyinya,Masaka,,,Mo-Sa 05:40-18:20;Mo-Sa 18:50,,30,,10
679,Kinyinya,Niboye,,,Mo-Sa 05:40-18:20;Mo-Sa 18:50,,30,,10
680,Kinyinya,Nyarugunga,,,Mo-Sa 05:40-18:20;Mo-Sa 18:50,,30,,10
681,Ndera,Gitega,,,Mo-Sa 05:40-18:20;Mo-Sa 18:50,,30,,10
682,Ndera,Kanyinya,,,Mo-Sa 05:40-18:20;Mo-Sa 18:50,,30,,10
683,Ndera,Kigali,,,Mo-Sa 05:40-18:20;Mo-Sa 18:50,,30,,10
684,Ndera,Kimisagara,,,Mo-Sa 05:40-18:20;Mo-Sa 18:50,,30,,10
685,Ndera,Mageregere,,,Mo-Sa 05:40-18:20;Mo-Sa 18:50,,30,,10
686,Ndera,Muhima,,,Mo-Sa 05:40-18:20;Mo-Sa 18:50,,30,,10
687,Ndera,Nyakabanda,,,Mo-Sa 05:40-18:20;Mo-Sa 18:50,,30,,10
688,Ndera,Nyamirambo,,,Mo-Sa 05:40-18:20;Mo-Sa 18:50,,30,,10
689,Ndera,Nyarugenge,,,Mo-Sa 05:40-18:20;Mo-Sa 18:50,,30,,10
690,Ndera,Rwezamenyo,,,Mo-Sa 05:40-18:20;Mo-Sa 18:50,,30,,10
691,Ndera,Bumbogo,,,Mo-Sa 05:40-18:20;Mo-Sa 18:50,,30,,10
692,Ndera,Gatsata,,,Mo-Sa 05:40-18:20;Mo-Sa 18:50,,30,,10
693,Ndera,Gikomero,,,Mo-Sa 05:40-18:20;Mo-Sa 18:50,,30,,10
694,Ndera,Gisozi,,,Mo-Sa 05:40-18:20;Mo-Sa 18:50,,30,,10
695,Ndera,Jabana,,,Mo-Sa 05:40-18:20;Mo-Sa 18:50,,30,,10
696,Ndera,Jali,,,Mo-Sa 05:40-18:20;Mo-Sa 18:50,,30,,10
697,Ndera,Kacyiru,,,Mo-Sa 05:40-18:20;Mo-Sa 18:50,,30,,10
698,Ndera,Kimihurura,,,Mo-Sa 05:40-18:20;Mo-Sa 18:50,,30,,10
699,Ndera,Kimironko,,,Mo-Sa 05:40-18:20;Mo-Sa 18:50,,30,,10
700,Ndera,Kinyinya,,,Mo-Sa 05:40-18:20;Mo-Sa 18:50,,30,,10
701,Ndera,Nduba,,,Mo-Sa 05:40-18:20;Mo-Sa 18:50,,30,,10
702,Ndera,Remera,,,Mo-Sa 05:40-18:20;Mo-Sa 18:50,,30,,10
703,Ndera,Rusororo,,,Mo-Sa 05:40-18:20;Mo-Sa 18:50,,30,,10
704,Ndera,Rutunga,,,Mo-Sa 05:40-18:20;Mo-Sa 18:50,,30,,10
705,Ndera,Gahanga,,,Mo-Sa 05:40-18:20;Mo-Sa 18:50,,30,,10
706,Ndera,Gatenga,,,Mo-Sa 05:40-18:20;Mo-Sa 18:50,,30,,10
707,Ndera,Gikondo,,,Mo-Sa 05:40-18:20;Mo-Sa 18:50,,30,,10
708,Ndera,Kagarama,,,Mo-Sa 05:40-18:20;Mo-Sa 18:50,,30,,10
709,Ndera,Kanombe,,,Mo-Sa 05:40-18:20;Mo-Sa 18:50,,30,,10
710,Ndera,Kicukiro,,,Mo-Sa 05:40-18:20;Mo-Sa 18:50,,30,,10
711,Ndera,Kigarama,,,Mo-Sa 05:40-18:20;Mo-Sa 18:50,,30,,10
712,Ndera,Masaka,,,Mo-Sa 05:40-18:20;Mo-Sa 18:50,,30,,10
713,Ndera,Niboye,,,Mo-Sa 05:40-18:20;Mo-Sa 18:50,,30,,10
714,Ndera,Nyarugunga,,,Mo-Sa 05:40-18:20;Mo-Sa 18:50,,30,,10
715,Nduba,Gitega,,,Mo-Sa 05:40-18:20;Mo-Sa 18:50,,30,,10
716,Nduba,Kanyinya,,,Mo-Sa 05:40-18:20;Mo-Sa 18:50,,30,,10
717,Nduba,Kigali,,,Mo-Sa 05:40-18:20;Mo-Sa 18:50,,30,,10
718,Nduba,Kimisagara,,,Mo-Sa 05:40-18:20;Mo-Sa 18:50,,30,,10
719,Nduba,Mageregere,,,Mo-Sa 05:40-18:20;Mo-Sa 18:50,,30,,10
720,Nduba,Muhima,,,Mo-Sa 05:40-18:20;Mo-Sa 18:50,,30,,10
721,Nduba,Nyakabanda,,,Mo-Sa 05:40-18:20;Mo-Sa 18:50,,30,,10
722,Nduba,Nyamirambo,,,Mo-Sa 05:40-18:20;Mo-Sa 18:50,,30,,10
723,Nduba,Nyarugenge,,,Mo-Sa 05:40-18:20;Mo-Sa 18:50,,30,,10
724,Nduba,Rwezamenyo,,,Mo-Sa 05:40-18:20;Mo-Sa 18:50,,30,,10
725,Nduba,Bumbogo,,,Mo-Sa 05:40-18:20;Mo-Sa 18:50,,30,,10
726,Nduba,Gatsata,,,Mo-Sa 05:40-18:20;Mo-Sa 18:50,,30,,10
727,Nduba,Gikomero,,,Mo-Sa 05:40-18:20;Mo-Sa 18:50,,30,,10
728,Nduba,Gisozi,,,Mo-Sa 05:40-18:20;Mo-Sa 18:50,,30,,10
729,Nduba,Jabana,,,Mo-Sa 05:40-18:20;Mo-Sa 18:50,,30,,10
730,Nduba,Jali,,,Mo-Sa 05:40-18:20;Mo-Sa 18:50,,30,,10
731,Nduba,Kacyiru,,,Mo-Sa 05:40-18:20;Mo-Sa 18:50,,30,,10
732,Nduba,Kimihurura,,,Mo-Sa 05:40-18:20;Mo-Sa 18:50,,30,,10
733,Nduba,Kimironko,,,Mo-Sa 05:40-18:20;Mo-Sa 18:50,,30,,10
734,Nduba,Kinyinya,,,Mo-Sa 05:40-18:20;Mo-Sa 18:50,,30,,10
735,Nduba,Ndera,,,Mo-Sa 05:40-18:20;Mo-Sa 18:50,,30,,10
736,Nduba,Remera,,,Mo-Sa 05:40-18:20;Mo-Sa 18:50,,30,,10
737,Nduba,Rusororo,,,Mo-Sa 05:40-18:20;Mo-Sa 18:50,,30,,10
738,Nduba,Rutunga,,,Mo-Sa 05:40-18:20;Mo-Sa 18:50,,30,,10
739,Nduba,Gahanga,,,Mo-Sa 05:40-18:20;Mo-Sa 18:50,,30,,10
740,Nduba,Gatenga,,,Mo-Sa 05:40-18:20;Mo-Sa 18:50,,30,,10
741,Nduba,Gikondo,,,Mo-Sa 05:40-18:20;Mo-Sa 18:50,,30,,10
742,Nduba,Kagarama,,,Mo-Sa 05:40-18:20;Mo-Sa 18:50,,30,,10
743,Nduba,Kanombe,,,Mo-Sa 05:40-18:20;Mo-Sa 18:50,,30,,10
744,Nduba,Kicukiro,,,Mo-Sa 05:40-18:20;Mo-Sa 18:50,,30,,10
745,Nduba,Kigarama,,,Mo-Sa 05:40-18:20;Mo-Sa 18:50,,30,,10
746,Nduba,Masaka,,,Mo-Sa 05:40-18:20;Mo-Sa 18:50,,30,,10
747,Nduba,Niboye,,,Mo-Sa 05:40-18:20;Mo-Sa 18:50,,30,,10
748,Nduba,Nyarugunga,,,Mo-Sa 05:40-18:20;Mo-Sa 18:50,,30,,10
749,Remera,Gitega,,,Mo-Sa 05:40-18:20;Mo-Sa 18:50,,30,,10
750,Remera,Kanyinya,,,Mo-Sa 05:40-18:20;Mo-Sa 18:50,,30,,10
751,Remera,Kigali,,,Mo-Sa 05:40-18:20;Mo-Sa 18:50,,30,,10
752,Remera,Kimisagara,,,Mo-Sa 05:40-18:20;Mo-Sa 18:50,,30,,10
753,Remera,Mageregere,,,Mo-Sa 05:40-18:20;Mo-Sa 18:50,,30,,10
754,Remera,Muhima,,,Mo-Sa 05:40-18:20;Mo-Sa 18:50,,30,,10
755,Remera,Nyakabanda,,,Mo-Sa 05:40-18:20;Mo-Sa 18:50,,30,,10
756,Remera,Nyamirambo,,,Mo-Sa 05:40-18:20;Mo-Sa 18:50,,30,,10
757,Remera,Nyarugenge,,,Mo-Sa 05:40-18:20;Mo-Sa 18:50,,30,,10
758,Remera,Rwezamenyo,,,Mo-Sa 05:40-18:20;Mo-Sa 18:50,,30,,10
759,Remera,Bumbogo,,,Mo-Sa 05:40-18:20;Mo-Sa 18:50,,30,,10
760,Remera,Gatsata,,,Mo-Sa 05:40-18:20;Mo-Sa 18:50,,30,,10
761,Remera,Gikomero,,,Mo-Sa 05:40-18:20;Mo-Sa 18:50,,30,,10
762,Remera,Gisozi,,,Mo-Sa 05:40-18:20;Mo-Sa 18:50,,30,,10
763,Remera,Jabana,,,Mo-Sa 05:40-18:20;Mo-Sa 18:50,,30,,10
764,Remera,Jali,,,Mo-Sa 05:40-18:20;Mo-Sa 18:50,,30,,10
765,Remera,Kacyiru,,,Mo-Sa 05:40-18:20;Mo-Sa 18:50,,30,,10
766,Remera,Kimihurura,,,Mo-Sa 05:40-18:20;Mo-Sa 18:50,,30,,10
767,Remera,Kimironko,,,Mo-Sa 05:40-18:20;Mo-Sa 18:50,,30,,10
768,Remera,Kinyinya,,,Mo-Sa 05:40-18:20;Mo-Sa 18:50,,30,,10
769,Remera,Ndera,,,Mo-Sa 05:40-18:20;Mo-Sa 18:50,,30,,10
770,Remera,Nduba,,,Mo-Sa 05:40-18:20;Mo-Sa 18:50,,30,,10
771,Remera,Rusororo,,,Mo-Sa 05:40-18:20;Mo-Sa 18:50,,30,,10
772,Remera,Rutunga,,,Mo-Sa 05:40-18:20;Mo-Sa 18:50,,30,,10
773,Remera,Gahanga,,,Mo-Sa 05:40-18:20;Mo-Sa 18:50,,30,,10
774,Remera,Gatenga,,,Mo-Sa 05:40-18:20;Mo-Sa 18:50,,30,,10
775,Remera,Gikondo,,,Mo-Sa 05:40-18:20;Mo-Sa 18:50,,30,,10
776,Remera,Kagarama,,,Mo-Sa 05:40-18:20;Mo-Sa 18:50,,30,,10
777,Remera,Kanombe,,,Mo-Sa 05:40-18:20;Mo-Sa 18:50,,30,,10
778,Remera,Kicukiro,,,Mo-Sa 05:40-18:20;Mo-Sa 18:50,,30,,10
779,Remera,Kigarama,,,Mo-Sa 05:40-18:20;Mo-Sa 18:50,,30,,10
780,Remera,Masaka,,,Mo-Sa 05:40-18:20;Mo-Sa 18:50,,30,,10
781,Remera,Niboye,,,Mo-Sa 05:40-18:20;Mo-Sa 18:50,,30,,10
782,Remera,Nyarugunga,,,Mo-Sa 05:40-18:20;Mo-Sa 18:50,,30,,10
783,Rusororo,Gitega,,,Mo-Sa 05:40-18:20;Mo-Sa 18:50,,30,,10
784,Rusororo,Kanyinya,,,Mo-Sa 05:40-18:20;Mo-Sa 18:50,,30,,10
785,Rusororo,Kigali,,,Mo-Sa 05:40-18:20;Mo-Sa 18:50,,30,,10
786,Rusororo,Kimisagara,,,Mo-Sa 05:40-18:20;Mo-Sa 18:50,,30,,10
787,Rusororo,Mageregere,,,Mo-Sa 05:40-18:20;Mo-Sa 18:50,,30,,10
788,Rusororo,Muhima,,,Mo-Sa 05:40-18:20;Mo-Sa 18:50,,30,,10
789,Rusororo,Nyakabanda,,,Mo-Sa 05:40-18:20;Mo-Sa 18:50,,30,,10
790,Rusororo,Nyamirambo,,,Mo-Sa 05:40-18:20;Mo-Sa 18:50,,30,,10
791,Rusororo,Nyarugenge,,,Mo-Sa 05:40-18:20;Mo-Sa 18:50,,30,,10
792,Rusororo,Rwezamenyo,,,Mo-Sa 05:40-18:20;Mo-Sa 18:50,,30,,10
793,Rusororo,Bumbogo,,,Mo-Sa 05:40-18:20;Mo-Sa 18:50,,30,,10
794,Rusororo,Gatsata,,,Mo-Sa 05:40-18:20;Mo-Sa 18:50,,30,,10
795,Rusororo,Gikomero,,,Mo-Sa 05:40-18:20;Mo-Sa 18:50,,30,,10
796,Rusororo,Gisozi,,,Mo-Sa 05:40-18:20;Mo-Sa 18:50,,30,,10
797,Rusororo,Jabana,,,Mo-Sa 05:40-18:20;Mo-Sa 18:50,,30,,10
798,Rusororo,Jali,,,Mo-Sa 05:40-18:20;Mo-Sa 18:50,,30,,10
799,Rusororo,Kacyiru,,,Mo-Sa 05:40-18:20;Mo-Sa 18:50,,30,,10
800,Rusororo,Kimihurura,,,Mo-Sa 05:40-18:20;Mo-Sa 18:50,,30,,10
801,Rusororo,Kimironko,,,Mo-Sa 05:40-18:20;Mo-Sa 18:50,,30,,10
802,Rusororo,Kinyinya,,,Mo-Sa 05:40-18:20;Mo-Sa 18:50,,30,,10
803,Rusororo,Ndera,,,Mo-Sa 05:40-18:20;Mo-Sa 18:50,,30,,10
804,Rusororo,Nduba,,,Mo-Sa 05:40-18:20;Mo-Sa 18:50,,30,,10
805,Rusororo,Remera,,,Mo-Sa 05:40-18:20;Mo-Sa 18:50,,30,,10
806,Rusororo,Rutunga,,,Mo-Sa 05:40-18:20;Mo-Sa 18:50,,30,,10
807,Rusororo,Gahanga,,,Mo-Sa 05:40-18:20;Mo-Sa 18:50,,30,,10
808,Rusororo,Gatenga,,,Mo-Sa 05:40-18:20;Mo-Sa 18:50,,30,,10
809,Rusororo,Gikondo,,,Mo-Sa 05:40-18:20;Mo-Sa 18:50,,30,,10
810,Rusororo,Kagarama,,,Mo-Sa 05:40-18:20;Mo-Sa 18:50,,30,,10
811,Rusororo,Kanombe,,,Mo-Sa 05:40-18:20;Mo-Sa 18:50,,30,,10
812,Rusororo,Kicukiro,,,Mo-Sa 05:40-18:20;Mo-Sa 18:50,,30,,10
813,Rusororo,Kigarama,,,Mo-Sa 05:40-18:20;Mo-Sa 18:50,,30,,10
814,Rusororo,Masaka,,,Mo-Sa 05:40-18:20;Mo-Sa 18:50,,30,,10
815,Rusororo,Niboye,,,Mo-Sa 05:40-18:20;Mo-Sa 18:50,,30,,10
816,Rusororo,Nyarugunga,,,Mo-Sa 05:40-18:20;Mo-Sa 18:50,,30,,10
817,Rutunga,Gitega,,,Mo-Sa 05:40-18:20;Mo-Sa 18:50,,30,,10
818,Rutunga,Kanyinya,,,Mo-Sa 05:40-18:20;Mo-Sa 18:50,,30,,10
819,Rutunga,Kigali,,,Mo-Sa 05:40-18:20;Mo-Sa 18:50,,30,,10
820,Rutunga,Kimisagara,,,Mo-Sa 05:40-18:20;Mo-Sa 18:50,,30,,10
821,Rutunga,Mageregere,,,Mo-Sa 05:40-18:20;Mo-Sa 18:50,,30,,10
822,Rutunga,Muhima,,,Mo-Sa 05:40-18:20;Mo-Sa 18:50,,30,,10
823,Rutunga,Nyakabanda,,,Mo-Sa 05:40-18:20;Mo-Sa 18:50,,30,,10
824,Rutunga,Nyamirambo,,,Mo-Sa 05:40-18:20;Mo-Sa 18:50,,30,,10
825,Rutunga,Nyarugenge,,,Mo-Sa 05:40-18:20;Mo-Sa 18:50,,30,,10
826,Rutunga,Rwezamenyo,,,Mo-Sa 05:40-18:20;Mo-Sa 18:50,,30,,10
827,Rutunga,Bumbogo,,,Mo-Sa 05:40-18:20;Mo-Sa 18:50,,30,,10
828,Rutunga,Gatsata,,,Mo-Sa 05:40-18:20;Mo-Sa 18:50,,30,,10
829,Rutunga,Gikomero,,,Mo-Sa 05:40-18:20;Mo-Sa 18:50,,30,,10
830,Rutunga,Gisozi,,,Mo-Sa 05:40-18:20;Mo-Sa 18:50,,30,,10
831,Rutunga,Jabana,,,Mo-Sa 05:40-18:20;Mo-Sa 18:50,,30,,10
832,Rutunga,Jali,,,Mo-Sa 05:40-18:20;Mo-Sa 18:50,,30,,10
833,Rutunga,Kacyiru,,,Mo-Sa 05:40-18:20;Mo-Sa 18:50,,30,,10
834,Rutunga,Kimihurura,,,Mo-Sa 05:40-18:20;Mo-Sa 18:50,,30,,10
835,Rutunga,Kimironko,,,Mo-Sa 05:40-18:20;Mo-Sa 18:50,,30,,10
836,Rutunga,Kinyinya,,,Mo-Sa 05:40-18:20;Mo-Sa 18:50,,30,,10
837,Rutunga,Ndera,,,Mo-Sa 05:40-18:20;Mo-Sa 18:50,,30,,10
838,Rutunga,Nduba,,,Mo-Sa 05:40-18:20;Mo-Sa 18:50,,30,,10
839,Rutunga,Remera,,,Mo-Sa 05:40-18:20;Mo-Sa 18:50,,30,,10
840,Rutunga,Rusororo,,,Mo-Sa 05:40-18:20;Mo-Sa 18:50,,30,,10
841,Rutunga,Gahanga,,,Mo-Sa 05:40-18:20;Mo-Sa 18:50,,30,,10
842,Rutunga,Gatenga,,,Mo-Sa 05:40-18:20;Mo-Sa 18:50,,30,,10
843,Rutunga,Gikondo,,,Mo-Sa 05:40-18:20;Mo-Sa 18:50,,30,,10
844,Rutunga,Kagarama,,,Mo-Sa 05:40-18:20;Mo-Sa 18:50,,30,,10
845,Rutunga,Kanombe,,,Mo-Sa 05:40-18:20;Mo-Sa 18:50,,30,,10
846,Rutunga,Kicukiro,,,Mo-Sa 05:40-18:20;Mo-Sa 18:50,,30,,10
847,Rutunga,Kigarama,,,Mo-Sa 05:40-18:20;Mo-Sa 18:50,,30,,10
848,Rutunga,Masaka,,,Mo-Sa 05:40-18:20;Mo-Sa 18:50,,30,,10
849,Rutunga,Niboye,,,Mo-Sa 05:40-18:20;Mo-Sa 18:50,,30,,10
850,Rutunga,Nyarugunga,,,Mo-Sa 05:40-18:20;Mo-Sa 18:50,,30,,10
851,Gahanga,Gitega,,,Mo-Sa 05:40-18:20;Mo-Sa 18:50,,30,,10
852,Gahanga,Kanyinya,,,Mo-Sa 05:40-18:20;Mo-Sa 18:50,,30,,10
853,Gahanga,Kigali,,,Mo-Sa 05:40-18:20;Mo-Sa 18:50,,30,,10
854,Gahanga,Kimisagara,,,Mo-Sa 05:40-18:20;Mo-Sa 18:50,,30,,10
855,Gahanga,Mageregere,,,Mo-Sa 05:40-18:20;Mo-Sa 18:50,,30,,10
856,Gahanga,Muhima,,,Mo-Sa 05:40-18:20;Mo-Sa 18:50,,30,,10
857,Gahanga,Nyakabanda,,,Mo-Sa 05:40-18:20;Mo-Sa 18:50,,30,,10
858,Gahanga,Nyamirambo,,,Mo-Sa 05:40-18:20;Mo-Sa 18:50,,30,,10
859,Gahanga,Nyarugenge,,,Mo-Sa 05:40-18:20;Mo-Sa 18:50,,30,,10
860,Gahanga,Rwezamenyo,,,Mo-Sa 05:40-18:20;Mo-Sa 18:50,,30,,10
861,Gahanga,Bumbogo,,,Mo-Sa 05:40-18:20;Mo-Sa 18:50,,30,,10
862,Gahanga,Gatsata,,,Mo-Sa 05:40-18:20;Mo-Sa 18:50,,30,,10
863,Gahanga,Gikomero,,,Mo-Sa 05:40-18:20;Mo-Sa 18:50,,30,,10
864,Gahanga,Gisozi,,,Mo-Sa 05:40-18:20;Mo-Sa 18:50,,30,,10
865,Gahanga,Jabana,,,Mo-Sa 05:40-18:20;Mo-Sa 18:50,,30,,10
866,Gahanga,Jali,,,Mo-Sa 05:40-18:20;Mo-Sa 18:50,,30,,10
867,Gahanga,Kacyiru,,,Mo-Sa 05:40-18:20;Mo-Sa 18:50,,30,,10
868,Gahanga,Kimihurura,,,Mo-Sa 05:40-18:20;Mo-Sa 18:50,,30,,10
869,Gahanga,Kimironko,,,Mo-Sa 05:40-18:20;Mo-Sa 18:50,,30,,10
870,Gahanga,Kinyinya,,,Mo-Sa 05:40-18:20;Mo-Sa 18:50,,30,,10
871,Gahanga,Ndera,,,Mo-Sa 05:40-18:20;Mo-Sa 18:50,,30,,10
872,Gahanga,Nduba,,,Mo-Sa 05:40-18:20;Mo-Sa 18:50,,30,,10
873,Gahanga,Remera,,,Mo-Sa 05:40-18:20;Mo-Sa 18:50,,30,,10
874,Gahanga,Rusororo,,,Mo-Sa 05:40-18:20;Mo-Sa 18:50,,30,,10
875,Gahanga,Rutunga,,,Mo-Sa 05:40-18:20;Mo-Sa 18:50,,30,,10
876,Gahanga,Gatenga,,,Mo-Sa 05:40-18:20;Mo-Sa 18:50,,30,,10
877,Gahanga,Gikondo,,,Mo-Sa 05:40-18:20;Mo-Sa 18:50,,30,,10
878,Gahanga,Kagarama,,,Mo-Sa 05:40-18:20;Mo-Sa 18:50,,30,,10
879,Gahanga,Kanombe,,,Mo-Sa 05:40-18:20;Mo-Sa 18:50,,30,,10
880,Gahanga,Kicukiro,,,Mo-Sa 05:40-18:20;Mo-Sa 18:50,,30,,10
881,Gahanga,Kigarama,,,Mo-Sa 05:40-18:20;Mo-Sa 18:50,,30,,10
882,Gahanga,Masaka,,,Mo-Sa 05:40-18:20;Mo-Sa 18:50,,30,,10
883,Gahanga,Niboye,,,Mo-Sa 05:40-18:20;Mo-Sa 18:50,,30,,10
884,Gahanga,Nyarugunga,,,Mo-Sa 05:40-18:20;Mo-Sa 18:50,,30,,10
885,Gatenga,Gitega,,,Mo-Sa 05:40-18:20;Mo-Sa 18:50,,30,,10
886,Gatenga,Kanyinya,,,Mo-Sa 05:40-18:20;Mo-Sa 18:50,,30,,10
887,Gatenga,Kigali,,,Mo-Sa 05:40-18:20;Mo-Sa 18:50,,30,,10
888,Gatenga,Kimisagara,,,Mo-Sa 05:40-18:20;Mo-Sa 18:50,,30,,10
889,Gatenga,Mageregere,,,Mo-Sa 05:40-18:20;Mo-Sa 18:50,,30,,10
890,Gatenga,Muhima,,,Mo-Sa 05:40-18:20;Mo-Sa 18:50,,30,,10
891,Gatenga,Nyakabanda,,,Mo-Sa 05:40-18:20;Mo-Sa 18:50,,30,,10
892,Gatenga,Nyamirambo,,,Mo-Sa 05:40-18:20;Mo-Sa 18:50,,30,,10
893,Gatenga,Nyarugenge,,,Mo-Sa 05:40-18:20;Mo-Sa 18:50,,30,,10
894,Gatenga,Rwezamenyo,,,Mo-Sa 05:40-18:20;Mo-Sa 18:50,,30,,10
895,Gatenga,Bumbogo,,,Mo-Sa 05:40-18:20;Mo-Sa 18:50,,30,,10
896,Gatenga,Gatsata,,,Mo-Sa 05:40-18:20;Mo-Sa 18:50,,30,,10
897,Gatenga,Gikomero,,,Mo-Sa 05:40-18:20;Mo-Sa 18:50,,30,,10
898,Gatenga,Gisozi,,,Mo-Sa 05:40-18:20;Mo-Sa 18:50,,30,,10
899,Gatenga,Jabana,,,Mo-Sa 05:40-18:20;Mo-Sa 18:50,,30,,10
900,Gatenga,Jali,,,Mo-Sa 05:40-18:20;Mo-Sa 18:50,,30,,10
901,Gatenga,Kacyiru,,,Mo-Sa 05:40-18:20;Mo-Sa 18:50,,30,,10
902,Gatenga,Kimihurura,,,Mo-Sa 05:40-18:20;Mo-Sa 18:50,,30,,10
903,Gatenga,Kimironko,,,Mo-Sa 05:40-18:20;Mo-Sa 18:50,,30,,10
904,Gatenga,Kinyinya,,,Mo-Sa 05:40-18:20;Mo-Sa 18:50,,30,,10
905,Gatenga,Ndera,,,Mo-Sa 05:40-18:20;Mo-Sa 18:50,,30,,10
906,Gatenga,Nduba,,,Mo-Sa 05:40-18:20;Mo-Sa 18:50,,30,,10
907,Gatenga,Remera,,,Mo-Sa 05:40-18:20;Mo-Sa 18:50,,30,,10
908,Gatenga,Rusororo,,,Mo-Sa 05:40-18:20;Mo-Sa 18:50,,30,,10
909,Gatenga,Rutunga,,,Mo-Sa 05:40-18:20;Mo-Sa 18:50,,30,,10
910,Gatenga,Gahanga,,,Mo-Sa 05:40-18:20;Mo-Sa 18:50,,30,,10
911,Gatenga,Gikondo,,,Mo-Sa 05:40-18:20;Mo-Sa 18:50,,30,,10
912,Gatenga,Kagarama,,,Mo-Sa 05:40-18:20;Mo-Sa 18:50,,30,,10
913,Gatenga,Kanombe,,,Mo-Sa 05:40-18:20;Mo-Sa 18:50,,30,,10
914,Gatenga,Kicukiro,,,Mo-Sa 05:40-18:20;Mo-Sa 18:50,,30,,10
915,Gatenga,Kigarama,,,Mo-Sa 05:40-18:20;Mo-Sa 18:50,,30,,10
916,Gatenga,Masaka,,,Mo-Sa 05:40-18:20;Mo-Sa 18:50,,30,,10
917,Gatenga,Niboye,,,Mo-Sa 05:40-18:20;Mo-Sa 18:50,,30,,10
918,Gatenga,Nyarugunga,,,Mo-Sa 05:40-18:20;Mo-Sa 18:50,,30,,10
919,Gikondo,Gitega,,,Mo-Sa 05:40-18:20;Mo-Sa 18:50,,30,,10
920,Gikondo,Kanyinya,,,Mo-Sa 05:40-18:20;Mo-Sa 18:50,,30,,10
921,Gikondo,Kigali,,,Mo-Sa 05:40-18:20;Mo-Sa 18:50,,30,,10
922,Gikondo,Kimisagara,,,Mo-Sa 05:40-18:20;Mo-Sa 18:50,,30,,10
923,Gikondo,Mageregere,,,Mo-Sa 05:40-18:20;Mo-Sa 18:50,,30,,10
924,Gikondo,Muhima,,,Mo-Sa 05:40-18:20;Mo-Sa 18:50,,30,,10
925,Gikondo,Nyakabanda,,,Mo-Sa 05:40-18:20;Mo-Sa 18:50,,30,,10
926,Gikondo,Nyamirambo,,,Mo-Sa 05:40-18:20;Mo-Sa 18:50,,30,,10
927,Gikondo,Nyarugenge,,,Mo-Sa 05:40-18:20;Mo-Sa 18:50,,30,,10
928,Gikondo,Rwezamenyo,,,Mo-Sa 05:40-18:20;Mo-Sa 18:50,,30,,10
929,Gikondo,Bumbogo,,,Mo-Sa 05:40-18:20;Mo-Sa 18:50,,30,,10
930,Gikondo,Gatsata,,,Mo-Sa 05:40-18:20;Mo-Sa 18:50,,30,,10
931,Gikondo,Gikomero,,,Mo-Sa 05:40-18:20;Mo-Sa 18:50,,30,,10
932,Gikondo,Gisozi,,,Mo-Sa 05:40-18:20;Mo-Sa 18:50,,30,,10
933,Gikondo,Jabana,,,Mo-Sa 05:40-18:20;Mo-Sa 18:50,,30,,10
934,Gikondo,Jali,,,Mo-Sa 05:40-18:20;Mo-Sa 18:50,,30,,10
935,Gikondo,Kacyiru,,,Mo-Sa 05:40-18:20;Mo-Sa 18:50,,30,,10
936,Gikondo,Kimihurura,,,Mo-Sa 05:40-18:20;Mo-Sa 18:50,,30,,10
937,Gikondo,Kimironko,,,Mo-Sa 05:40-18:20;Mo-Sa 18:50,,30,,10
938,Gikondo,Kinyinya,,,Mo-Sa 05:40-18:20;Mo-Sa 18:50,,30,,10
939,Gikondo,Ndera,,,Mo-Sa 05:40-18:20;Mo-Sa 18:50,,30,,10
940,Gikondo,Nduba,,,Mo-Sa 05:40-18:20;Mo-Sa 18:50,,30,,10
941,Gikondo,Remera,,,Mo-Sa 05:40-18:20;Mo-Sa 18:50,,30,,10
942,Gikondo,Rusororo,,,Mo-Sa 05:40-18:20;Mo-Sa 18:50,,30,,10
943,Gikondo,Rutunga,,,Mo-Sa 05:40-18:20;Mo-Sa 18:50,,30,,10
944,Gikondo,Gahanga,,,Mo-Sa 05:40-18:20;Mo-Sa 18:50,,30,,10
945,Gikondo,Gatenga,,,Mo-Sa 05:40-18:20;Mo-Sa 18:50,,30,,10
946,Gikondo,Kagarama,,,Mo-Sa 05:40-18:20;Mo-Sa 18:50,,30,,10
947,Gikondo,Kanombe,,,Mo-Sa 05:40-18:20;Mo-Sa 18:50,,30,,10
948,Gikondo,Kicukiro,,,Mo-Sa 05:40-18:20;Mo-Sa 18:50,,30,,10
949,Gikondo,Kigarama,,,Mo-Sa 05:40-18:20;Mo-Sa 18:50,,30,,10
950,Gikondo,Masaka,,,Mo-Sa 05:40-18:20;Mo-Sa 18:50,,30,,10
951,Gikondo,Niboye,,,Mo-Sa 05:40-18:20;Mo-Sa 18:50,,30,,10
952,Gikondo,Nyarugunga,,,Mo-Sa 05:40-18:20;Mo-Sa 18:50,,30,,10
953,Kagarama,Gitega,,,Mo-Sa 05:40-18:20;Mo-Sa 18:50,,30,,10
954,Kagarama,Kanyinya,,,Mo-Sa 05:40-18:20;Mo-Sa 18:50,,30,,10
955,Kagarama,Kigali,,,Mo-Sa 05:40-18:20;Mo-Sa 18:50,,30,,10
956,Kagarama,Kimisagara,,,Mo-Sa 05:40-18:20;Mo-Sa 18:50,,30,,10
957,Kagarama,Mageregere,,,Mo-Sa 05:40-18:20;Mo-Sa 18:50,,30,,10
958,Kagarama,Muhima,,,Mo-Sa 05:40-18:20;Mo-Sa 18:50,,30,,10
959,Kagarama,Nyakabanda,,,Mo-Sa 05:40-18:20;Mo-Sa 18:50,,30,,10
960,Kagarama,Nyamirambo,,,Mo-Sa 05:40-18:20;Mo-Sa 18:50,,30,,10
961,Kagarama,Nyarugenge,,,Mo-Sa 05:40-18:20;Mo-Sa 18:50,,30,,10
962,Kagarama,Rwezamenyo,,,Mo-Sa 05:40-18:20;Mo-Sa 18:50,,30,,10
963,Kagarama,Bumbogo,,,Mo-Sa 05:40-18:20;Mo-Sa 18:50,,30,,10
964,Kagarama,Gatsata,,,Mo-Sa 05:40-18:20;Mo-Sa 18:50,,30,,10
965,Kagarama,Gikomero,,,Mo-Sa 05:40-18:20;Mo-Sa 18:50,,30,,10
966,Kagarama,Gisozi,,,Mo-Sa 05:40-18:20;Mo-Sa 18:50,,30,,10
967,Kagarama,Jabana,,,Mo-Sa 05:40-18:20;Mo-Sa 18:50,,30,,10
968,Kagarama,Jali,,,Mo-Sa 05:40-18:20;Mo-Sa 18:50,,30,,10
969,Kagarama,Kacyiru,,,Mo-Sa 05:40-18:20;Mo-Sa 18:50,,30,,10
970,Kagarama,Kimihurura,,,Mo-Sa 05:40-18:20;Mo-Sa 18:50,,30,,10
971,Kagarama,Kimironko,,,Mo-Sa 05:40-18:20;Mo-Sa 18:50,,30,,10
972,Kagarama,Kinyinya,,,Mo-Sa 05:40-18:20;Mo-Sa 18:50,,30,,10
973,Kagarama,Ndera,,,Mo-Sa 05:40-18:20;Mo-Sa 18:50,,30,,10
974,Kagarama,Nduba,,,Mo-Sa 05:40-18:20;Mo-Sa 18:50,,30,,10
975,Kagarama,Remera,,,Mo-Sa 05:40-18:20;Mo-Sa 18:50,,30,,10
976,Kagarama,Rusororo,,,Mo-Sa 05:40-18:20;Mo-Sa 18:50,,30,,10
977,Kagarama,Rutunga,,,Mo-Sa 05:40-18:20;Mo-Sa 18:50,,30,,10
978,Kagarama,Gahanga,,,Mo-Sa 05:40-18:20;Mo-Sa 18:50,,30,,10
979,Kagarama,Gatenga,,,Mo-Sa 05:40-18:20;Mo-Sa 18:50,,30,,10
980,Kagarama,Gikondo,,,Mo-Sa 05:40-18:20;Mo-Sa 18:50,,30,,10
981,Kagarama,Kanombe,,,Mo-Sa 05:40-18:20;Mo-Sa 18:50,,30,,10
982,Kagarama,Kicukiro,,,Mo-Sa 05:40-18:20;Mo-Sa 18:50,,30,,10
983,Kagarama,Kigarama,,,Mo-Sa 05:40-18:20;Mo-Sa 18:50,,30,,10
984,Kagarama,Masaka,,,Mo-Sa 05:40-18:20;Mo-Sa 18:50,,30,,10
985,Kagarama,Niboye,,,Mo-Sa 05:40-18:20;Mo-Sa 18:50,,30,,10
986,Kagarama,Nyarugunga,,,Mo-Sa 05:40-18:20;Mo-Sa 18:50,,30,,10
987,Kanombe,Gitega,,,Mo-Sa 05:40-18:20;Mo-Sa 18:50,,30,,10
988,Kanombe,Kanyinya,,,Mo-Sa 05:40-18:20;Mo-Sa 18:50,,30,,10
989,Kanombe,Kigali,,,Mo-Sa 05:40-18:20;Mo-Sa 18:50,,30,,10
990,Kanombe,Kimisagara,,,Mo-Sa 05:40-18:20;Mo-Sa 18:50,,30,,10
991,Kanombe,Mageregere,,,Mo-Sa 05:40-18:20;Mo-Sa 18:50,,30,,10
992,Kanombe,Muhima,,,Mo-Sa 05:40-18:20;Mo-Sa 18:50,,30,,10
993,Kanombe,Nyakabanda,,,Mo-Sa 05:40-18:20;Mo-Sa 18:50,,30,,10
994,Kanombe,Nyamirambo,,,Mo-Sa 05:40-18:20;Mo-Sa 18:50,,30,,10
995,Kanombe,Nyarugenge,,,Mo-Sa 05:40-18:20;Mo-Sa 18:50,,30,,10
996,Kanombe,Rwezamenyo,,,Mo-Sa 05:40-18:20;Mo-Sa 18:50,,30,,10
997,Kanombe,Bumbogo,,,Mo-Sa 05:40-18:20;Mo-Sa 18:50,,30,,10
998,Kanombe,Gatsata,,,Mo-Sa 05:40-18:20;Mo-Sa 18:50,,30,,10
999,Kanombe,Gikomero,,,Mo-Sa 05:40-18:20;Mo-Sa 18:50,,30,,10
1000,Kanombe,Gisozi,,,Mo-Sa 05:40-18:20;Mo-Sa 18:50,,30,,10
1001,Kanombe,Jabana,,,Mo-Sa 05:40-18:20;Mo-Sa 18:50,,30,,10
1002,Kanombe,Jali,,,Mo-Sa 05:40-18:20;Mo-Sa 18:50,,30,,10
1003,Kanombe,Kacyiru,,,Mo-Sa 05:40-18:20;Mo-Sa 18:50,,30,,10
1004,Kanombe,Kimihurura,,,Mo-Sa 05:40-18:20;Mo-Sa 18:50,,30,,10
1005,Kanombe,Kimironko,,,Mo-Sa 05:40-18:20;Mo-Sa 18:50,,30,,10
1006,Kanombe,Kinyinya,,,Mo-Sa 05:40-18:20;Mo-Sa 18:50,,30,,10
1007,Kanombe,Ndera,,,Mo-Sa 05:40-18:20;Mo-Sa 18:50,,30,,10
1008,Kanombe,Nduba,,,Mo-Sa 05:40-18:20;Mo-Sa 18:50,,30,,10
1009,Kanombe,Remera,,,Mo-Sa 05:40-18:20;Mo-Sa 18:50,,30,,10
1010,Kanombe,Rusororo,,,Mo-Sa 05:40-18:20;Mo-Sa 18:50,,30,,10
1011,Kanombe,Rutunga,,,Mo-Sa 05:40-18:20;Mo-Sa 18:50,,30,,10
1012,Kanombe,Gahanga,,,Mo-Sa 05:40-18:20;Mo-Sa 18:50,,30,,10
1013,Kanombe,Gatenga,,,Mo-Sa 05:40-18:20;Mo-Sa 18:50,,30,,10
1014,Kanombe,Gikondo,,,Mo-Sa 05:40-18:20;Mo-Sa 18:50,,30,,10
1015,Kanombe,Kagarama,,,Mo-Sa 05:40-18:20;Mo-Sa 18:50,,30,,10
1016,Kanombe,Kicukiro,,,Mo-Sa 05:40-18:20;Mo-Sa 18:50,,30,,10
1017,Kanombe,Kigarama,,,Mo-Sa 05:40-18:20;Mo-Sa 18:50,,30,,10
1018,Kanombe,Masaka,,,Mo-Sa 05:40-18:20;Mo-Sa 18:50,,30,,10
1019,Kanombe,Niboye,,,Mo-Sa 05:40-18:20;Mo-Sa 18:50,,30,,10
1020,Kanombe,Nyarugunga,,,Mo-Sa 05:40-18:20;Mo-Sa 18:50,,30,,10
1021,Kicukiro,Gitega,,,Mo-Sa 05:40-18:20;Mo-Sa 18:50,,30,,10
1022,Kicukiro,Kanyinya,,,Mo-Sa 05:40-18:20;Mo-Sa 18:50,,30,,10
1023,Kicukiro,Kigali,,,Mo-Sa 05:40-18:20;Mo-Sa 18:50,,30,,10
1024,Kicukiro,Kimisagara,,,Mo-Sa 05:40-18:20;Mo-Sa 18:50,,30,,10
1025,Kicukiro,Mageregere,,,Mo-Sa 05:40-18:20;Mo-Sa 18:50,,30,,10
1026,Kicukiro,Muhima,,,Mo-Sa 05:40-18:20;Mo-Sa 18:50,,30,,10
1027,Kicukiro,Nyakabanda,,,Mo-Sa 05:40-18:20;Mo-Sa 18:50,,30,,10
1028,Kicukiro,Nyamirambo,,,Mo-Sa 05:40-18:20;Mo-Sa 18:50,,30,,10
1029,Kicukiro,Nyarugenge,,,Mo-Sa 05:40-18:20;Mo-Sa 18:50,,30,,10
1030,Kicukiro,Rwezamenyo,,,Mo-Sa 05:40-18:20;Mo-Sa 18:50,,30,,10
1031,Kicukiro,Bumbogo,,,Mo-Sa 05:40-18:20;Mo-Sa 18:50,,30,,10
1032,Kicukiro,Gatsata,,,Mo-Sa 05:40-18:20;Mo-Sa 18:50,,30,,10
1033,Kicukiro,Gikomero,,,Mo-Sa 05:40-18:20;Mo-Sa 18:50,,30,,10
1034,Kicukiro,Gisozi,,,Mo-Sa 05:40-18:20;Mo-Sa 18:50,,30,,10
1035,Kicukiro,Jabana,,,Mo-Sa 05:40-18:20;Mo-Sa 18:50,,30,,10
1036,Kicukiro,Jali,,,Mo-Sa 05:40-18:20;Mo-Sa 18:50,,30,,10
1037,Kicukiro,Kacyiru,,,Mo-Sa 05:40-18:20;Mo-Sa 18:50,,30,,10
1038,Kicukiro,Kimihurura,,,Mo-Sa 05:40-18:20;Mo-Sa 18:50,,30,,10
1039,Kicukiro,Kimironko,,,Mo-Sa 05:40-18:20;Mo-Sa 18:50,,30,,10
1040,Kicukiro,Kinyinya,,,Mo-Sa 05:40-18:20;Mo-Sa 18:50,,30,,10
1041,Kicukiro,Ndera,,,Mo-Sa 05:40-18:20;Mo-Sa 18:50,,30,,10
1042,Kicukiro,Nduba,,,Mo-Sa 05:40-18:20;Mo-Sa 18:50,,30,,10
1043,Kicukiro,Remera,,,Mo-Sa 05:40-18:20;Mo-Sa 18:50,,30,,10
1044,Kicukiro,Rusororo,,,Mo-Sa 05:40-18:20;Mo-Sa 18:50,,30,,10
1045,Kicukiro,Rutunga,,,Mo-Sa 05:40-18:20;Mo-Sa 18:50,,30,,10
1046,Kicukiro,Gahanga,,,Mo-Sa 05:40-18:20;Mo-Sa 18:50,,30,,10
1047,Kicukiro,Gatenga,,,Mo-Sa 05:40-18:20;Mo-Sa 18:50,,30,,10
1048,Kicukiro,Gikondo,,,Mo-Sa 05:40-18:20;Mo-Sa 18:50,,30,,10
1049,Kicukiro,Kagarama,,,Mo-Sa 05:40-18:20;Mo-Sa 18:50,,30,,10
1050,Kicukiro,Kanombe,,,Mo-Sa 05:40-18:20;Mo-Sa 18:50,,30,,10
1051,Kicukiro,Kigarama,,,Mo-Sa 05:40-18:20;Mo-Sa 18:50,,30,,10
1052,Kicukiro,Masaka,,,Mo-Sa 05:40-18:20;Mo-Sa 18:50,,30,,10
1053,Kicukiro,Niboye,,,Mo-Sa 05:40-18:20;Mo-Sa 18:50,,30,,10
1054,Kicukiro,Nyarugunga,,,Mo-Sa 05:40-18:20;Mo-Sa 18:50,,30,,10
1055,Kigarama,Gitega,,,Mo-Sa 05:40-18:20;Mo-Sa 18:50,,30,,10
1056,Kigarama,Kanyinya,,,Mo-Sa 05:40-18:20;Mo-Sa 18:50,,30,,10
1057,Kigarama,Kigali,,,Mo-Sa 05:40-18:20;Mo-Sa 18:50,,30,,10
1058,Kigarama,Kimisagara,,,Mo-Sa 05:40-18:20;Mo-Sa 18:50,,30,,10
1059,Kigarama,Mageregere,,,Mo-Sa 05:40-18:20;Mo-Sa 18:50,,30,,10
1060,Kigarama,Muhima,,,Mo-Sa 05:40-18:20;Mo-Sa 18:50,,30,,10
1061,Kigarama,Nyakabanda,,,Mo-Sa 05:40-18:20;Mo-Sa 18:50,,30,,10
1062,Kigarama,Nyamirambo,,,Mo-Sa 05:40-18:20;Mo-Sa 18:50,,30,,10
1063,Kigarama,Nyarugenge,,,Mo-Sa 05:40-18:20;Mo-Sa 18:50,,30,,10
1064,Kigarama,Rwezamenyo,,,Mo-Sa 05:40-18:20;Mo-Sa 18:50,,30,,10
1065,Kigarama,Bumbogo,,,Mo-Sa 05:40-18:20;Mo-Sa 18:50,,30,,10
1066,Kigarama,Gatsata,,,Mo-Sa 05:40-18:20;Mo-Sa 18:50,,30,,10
1067,Kigarama,Gikomero,,,Mo-Sa 05:40-18:20;Mo-Sa 18:50,,30,,10
1068,Kigarama,Gisozi,,,Mo-Sa 05:40-18:20;Mo-Sa 18:50,,30,,10
1069,Kigarama,Jabana,,,Mo-Sa 05:40-18:20;Mo-Sa 18:50,,30,,10
1070,Kigarama,Jali,,,Mo-Sa 05:40-18:20;Mo-Sa 18:50,,30,,10
1071,Kigarama,Kacyiru,,,Mo-Sa 05:40-18:20;Mo-Sa 18:50,,30,,10
1072,Kigarama,Kimihurura,,,Mo-Sa 05:40-18:20;Mo-Sa 18:50,,30,,10
1073,Kigarama,Kimironko,,,Mo-Sa 05:40-18:20;Mo-Sa 18:50,,30,,10
1074,Kigarama,Kinyinya,,,Mo-Sa 05:40-18:20;Mo-Sa 18:50,,30,,10
1075,Kigarama,Ndera,,,Mo-Sa 05:40-18:20;Mo-Sa 18:50,,30,,10
1076,Kigarama,Nduba,,,Mo-Sa 05:40-18:20;Mo-Sa 18:50,,30,,10
1077,Kigarama,Remera,,,Mo-Sa 05:40-18:20;Mo-Sa 18:50,,30,,10
1078,Kigarama,Rusororo,,,Mo-Sa 05:40-18:20;Mo-Sa 18:50,,30,,10
1079,Kigarama,Rutunga,,,Mo-Sa 05:40-18:20;Mo-Sa 18:50,,30,,10
1080,Kigarama,Gahanga,,,Mo-Sa 05:40-18:20;Mo-Sa 18:50,,30,,10
1081,Kigarama,Gatenga,,,Mo-Sa 05:40-18:20;Mo-Sa 18:50,,30,,10
1082,Kigarama,Gikondo,,,Mo-Sa 05:40-18:20;Mo-Sa 18:50,,30,,10
1083,Kigarama,Kagarama,,,Mo-Sa 05:40-18:20;Mo-Sa 18:50,,30,,10
1084,Kigarama,Kanombe,,,Mo-Sa 05:40-18:20;Mo-Sa 18:50,,30,,10
1085,Kigarama,Kicukiro,,,Mo-Sa 05:40-18:20;Mo-Sa 18:50,,30,,10
1086,Kigarama,Masaka,,,Mo-Sa 05:40-18:20;Mo-Sa 18:50,,30,,10
1087,Kigarama,Niboye,,,Mo-Sa 05:40-18:20;Mo-Sa 18:50,,30,,10
1088,Kigarama,Nyarugunga,,,Mo-Sa 05:40-18:20;Mo-Sa 18:50,,30,,10
1089,Masaka,Gitega,,,Mo-Sa 05:40-18:20;Mo-Sa 18:50,,30,,10
1090,Masaka,Kanyinya,,,Mo-Sa 05:40-18:20;Mo-Sa 18:50,,30,,10
1091,Masaka,Kigali,,,Mo-Sa 05:40-18:20;Mo-Sa 18:50,,30,,10
1092,Masaka,Kimisagara,,,Mo-Sa 05:40-18:20;Mo-Sa 18:50,,30,,10
1093,Masaka,Mageregere,,,Mo-Sa 05:40-18:20;Mo-Sa 18:50,,30,,10
1094,Masaka,Muhima,,,Mo-Sa 05:40-18:20;Mo-Sa 18:50,,30,,10
1095,Masaka,Nyakabanda,,,Mo-Sa 05:40-18:20;Mo-Sa 18:50,,30,,10
1096,Masaka,Nyamirambo,,,Mo-Sa 05:40-18:20;Mo-Sa 18:50,,30,,10
1097,Masaka,Nyarugenge,,,Mo-Sa 05:40-18:20;Mo-Sa 18:50,,30,,10
1098,Masaka,Rwezamenyo,,,Mo-Sa 05:40-18:20;Mo-Sa 18:50,,30,,10
1099,Masaka,Bumbogo,,,Mo-Sa 05:40-18:20;Mo-Sa 18:50,,30,,10
1100,Masaka,Gatsata,,,Mo-Sa 05:40-18:20;Mo-Sa 18:50,,30,,10
1101,Masaka,Gikomero,,,Mo-Sa 05:40-18:20;Mo-Sa 18:50,,30,,10
1102,Masaka,Gisozi,,,Mo-Sa 05:40-18:20;Mo-Sa 18:50,,30,,10
1103,Masaka,Jabana,,,Mo-Sa 05:40-18:20;Mo-Sa 18:50,,30,,10
1104,Masaka,Jali,,,Mo-Sa 05:40-18:20;Mo-Sa 18:50,,30,,10
1105,Masaka,Kacyiru,,,Mo-Sa 05:40-18:20;Mo-Sa 18:50,,30,,10
1106,Masaka,Kimihurura,,,Mo-Sa 05:40-18:20;Mo-Sa 18:50,,30,,10
1107,Masaka,Kimironko,,,Mo-Sa 05:40-18:20;Mo-Sa 18:50,,30,,10
1108,Masaka,Kinyinya,,,Mo-Sa 05:40-18:20;Mo-Sa 18:50,,30,,10
1109,Masaka,Ndera,,,Mo-Sa 05:40-18:20;Mo-Sa 18:50,,30,,10
1110,Masaka,Nduba,,,Mo-Sa 05:40-18:20;Mo-Sa 18:50,,30,,10
1111,Masaka,Remera,,,Mo-Sa 05:40-18:20;Mo-Sa 18:50,,30,,10
1112,Masaka,Rusororo,,,Mo-Sa 05:40-18:20;Mo-Sa 18:50,,30,,10
1113,Masaka,Rutunga,,,Mo-Sa 05:40-18:20;Mo-Sa 18:50,,30,,10
1114,Masaka,Gahanga,,,Mo-Sa 05:40-18:20;Mo-Sa 18:50,,30,,10
1115,Masaka,Gatenga,,,Mo-Sa 05:40-18:20;Mo-Sa 18:50,,30,,10
1116,Masaka,Gikondo,,,Mo-Sa 05:40-18:20;Mo-Sa 18:50,,30,,10
1117,Masaka,Kagarama,,,Mo-Sa 05:40-18:20;Mo-Sa 18:50,,30,,10
1118,Masaka,Kanombe,,,Mo-Sa 05:40-18:20;Mo-Sa 18:50,,30,,10
1119,Masaka,Kicukiro,,,Mo-Sa 05:40-18:20;Mo-Sa 18:50,,30,,10
1120,Masaka,Kigarama,,,Mo-Sa 05:40-18:20;Mo-Sa 18:50,,30,,10
1121,Masaka,Niboye,,,Mo-Sa 05:40-18:20;Mo-Sa 18:50,,30,,10
1122,Masaka,Nyarugunga,,,Mo-Sa 05:40-18:20;Mo-Sa 18:50,,30,,10
1123,Niboye,Gitega,,,Mo-Sa 05:40-18:20;Mo-Sa 18:50,,30,,10
1124,Niboye,Kanyinya,,,Mo-Sa 05:40-18:20;Mo-Sa 18:50,,30,,10
1125,Niboye,Kigali,,,Mo-Sa 05:40-18:20;Mo-Sa 18:50,,30,,10
1126,Niboye,Kimisagara,,,Mo-Sa 05:40-18:20;Mo-Sa 18:50,,30,,10
1127,Niboye,Mageregere,,,Mo-Sa 05:40-18:20;Mo-Sa 18:50,,30,,10
1128,Niboye,Muhima,,,Mo-Sa 05:40-18:20;Mo-Sa 18:50,,30,,10
1129,Niboye,Nyakabanda,,,Mo-Sa 05:40-18:20;Mo-Sa 18:50,,30,,10
1130,Niboye,Nyamirambo,,,Mo-Sa 05:40-18:20;Mo-Sa 18:50,,30,,10
1131,Niboye,Nyarugenge,,,Mo-Sa 05:40-18:20;Mo-Sa 18:50,,30,,10
1132,Niboye,Rwezamenyo,,,Mo-Sa 05:40-18:20;Mo-Sa 18:50,,30,,10
1133,Niboye,Bumbogo,,,Mo-Sa 05:40-18:20;Mo-Sa 18:50,,30,,10
1134,Niboye,Gatsata,,,Mo-Sa 05:40-18:20;Mo-Sa 18:50,,30,,10
1135,Niboye,Gikomero,,,Mo-Sa 05:40-18:20;Mo-Sa 18:50,,30,,10
1136,Niboye,Gisozi,,,Mo-Sa 05:40-18:20;Mo-Sa 18:50,,30,,10
1137,Niboye,Jabana,,,Mo-Sa 05:40-18:20;Mo-Sa 18:50,,30,,10
1138,Niboye,Jali,,,Mo-Sa 05:40-18:20;Mo-Sa 18:50,,30,,10
1139,Niboye,Kacyiru,,,Mo-Sa 05:40-18:20;Mo-Sa 18:50,,30,,10
1140,Niboye,Kimihurura,,,Mo-Sa 05:40-18:20;Mo-Sa 18:50,,30,,10
1141,Niboye,Kimironko,,,Mo-Sa 05:40-18:20;Mo-Sa 18:50,,30,,10
1142,Niboye,Kinyinya,,,Mo-Sa 05:40-18:20;Mo-Sa 18:50,,30,,10
1143,Niboye,Ndera,,,Mo-Sa 05:40-18:20;Mo-Sa 18:50,,30,,10
1144,Niboye,Nduba,,,Mo-Sa 05:40-18:20;Mo-Sa 18:50,,30,,10
1145,Niboye,Remera,,,Mo-Sa 05:40-18:20;Mo-Sa 18:50,,30,,10
1146,Niboye,Rusororo,,,Mo-Sa 05:40-18:20;Mo-Sa 18:50,,30,,10
1147,Niboye,Rutunga,,,Mo-Sa 05:40-18:20;Mo-Sa 18:50,,30,,10
1148,Niboye,Gahanga,,,Mo-Sa 05:40-18:20;Mo-Sa 18:50,,30,,10
1149,Niboye,Gatenga,,,Mo-Sa 05:40-18:20;Mo-Sa 18:50,,30,,10
1150,Niboye,Gikondo,,,Mo-Sa 05:40-18:20;Mo-Sa 18:50,,30,,10
1151,Niboye,Kagarama,,,Mo-Sa 05:40-18:20;Mo-Sa 18:50,,30,,10
1152,Niboye,Kanombe,,,Mo-Sa 05:40-18:20;Mo-Sa 18:50,,30,,10
1153,Niboye,Kicukiro,,,Mo-Sa 05:40-18:20;Mo-Sa 18:50,,30,,10
1154,Niboye,Kigarama,,,Mo-Sa 05:40-18:20;Mo-Sa 18:50,,30,,10
1155,Niboye,Masaka,,,Mo-Sa 05:40-18:20;Mo-Sa 18:50,,30,,10
1156,Niboye,Nyarugunga,,,Mo-Sa 05:40-18:20;Mo-Sa 18:50,,30,,10
1157,Nyarugunga,Gitega,,,Mo-Sa 05:40-18:20;Mo-Sa 18:50,,30,,10
1158,Nyarugunga,Kanyinya,,,Mo-Sa 05:40-18:20;Mo-Sa 18:50,,30,,10
1159,Nyarugunga,Kigali,,,Mo-Sa 05:40-18:20;Mo-Sa 18:50,,30,,10
1160,Nyarugunga,Kimisagara,,,Mo-Sa 05:40-18:20;Mo-Sa 18:50,,30,,10
1161,Nyarugunga,Mageregere,,,Mo-Sa 05:40-18:20;Mo-Sa 18:50,,30,,10
1162,Nyarugunga,Muhima,,,Mo-Sa 05:40-18:20;Mo-Sa 18:50,,30,,10
1163,Nyarugunga,Nyakabanda,,,Mo-Sa 05:40-18:20;Mo-Sa 18:50,,30,,10
1164,Nyarugunga,Nyamirambo,,,Mo-Sa 05:40-18:20;Mo-Sa 18:50,,30,,10
1165,Nyarugunga,Nyarugenge,,,Mo-Sa 05:40-18:20;Mo-Sa 18:50,,30,,10
1166,Nyarugunga,Rwezamenyo,,,Mo-Sa 05:40-18:20;Mo-Sa 18:50,,30,,10
1167,Nyarugunga,Bumbogo,,,Mo-Sa 05:40-18:20;Mo-Sa 18:50,,30,,10
1168,Nyarugunga,Gatsata,,,Mo-Sa 05:40-18:20;Mo-Sa 18:50,,30,,10
1169,Nyarugunga,Gikomero,,,Mo-Sa 05:40-18:20;Mo-Sa 18:50,,30,,10
1170,Nyarugunga,Gisozi,,,Mo-Sa 05:40-18:20;Mo-Sa 18:50,,30,,10
1171,Nyarugunga,Jabana,,,Mo-Sa 05:40-18:20;Mo-Sa 18:50,,30,,10
1172,Nyarugunga,Jali,,,Mo-Sa 05:40-18:20;Mo-Sa 18:50,,30,,10
1173,Nyarugunga,Kacyiru,,,Mo-Sa 05:40-18:20;Mo-Sa 18:50,,30,,10
1174,Nyarugunga,Kimihurura,,,Mo-Sa 05:40-18:20;Mo-Sa 18:50,,30,,10
1175,Nyarugunga,Kimironko,,,Mo-Sa 05:40-18:20;Mo-Sa 18:50,,30,,10
1176,Nyarugunga,Kinyinya,,,Mo-Sa 05:40-18:20;Mo-Sa 18:50,,30,,10
1177,Nyarugunga,Ndera,,,Mo-Sa 05:40-18:20;Mo-Sa 18:50,,30,,10
1178,Nyarugunga,Nduba,,,Mo-Sa 05:40-18:20;Mo-Sa 18:50,,30,,10
1179,Nyarugunga,Remera,,,Mo-Sa 05:40-18:20;Mo-Sa 18:50,,30,,10
1180,Nyarugunga,Rusororo,,,Mo-Sa 05:40-18:20;Mo-Sa 18:50,,30,,10
1181,Nyarugunga,Rutunga,,,Mo-Sa 05:40-18:20;Mo-Sa 18:50,,30,,10
1182,Nyarugunga,Gahanga,,,Mo-Sa 05:40-18:20;Mo-Sa 18:50,,30,,10
1183,Nyarugunga,Gatenga,,,Mo-Sa 05:40-18:20;Mo-Sa 18:50,,30,,10
1184,Nyarugunga,Gikondo,,,Mo-Sa 05:40-18:20;Mo-Sa 18:50,,30,,10
1185,Nyarugunga,Kagarama,,,Mo-Sa 05:40-18:20;Mo-Sa 18:50,,30,,10
1186,Nyarugunga,Kanombe,,,Mo-Sa 05:40-18:20;Mo-Sa 18:50,,30,,10
1187,Nyarugunga,Kicukiro,,,Mo-Sa 05:40-18:20;Mo-Sa 18:50,,30,,10
1188,Nyarugunga,Kigarama,,,Mo-Sa 05:40-18:20;Mo-Sa 18:50,,30,,10
1189,Nyarugunga,Masaka,,,Mo-Sa 05:40-18:20;Mo-Sa 18:50,,30,,10
1190,Nyarugunga,Niboye,,,Mo-Sa 05:40-18:20;Mo-Sa 18:50,,30,,10
